Dropdown Selection,ROM Hack Title,Created By,Exits,Difficulty,Type,Added Date,SMWC ID,SMWCentral Page URL,Direct Download URL
!uppipe,!uppipe,,8,Advanced,Kaizo,,,,
#0 IGGY'S CASTLE,#0 IGGY'S CASTLE,,25,Intermediate,Standard,,,,
#thathack,#thathack,,12,Casual,Standard,,,,
*SUPERSTAR* - an EP by margot,*SUPERSTAR* - an EP by margot,,6,Master,Kaizo,,,,
[Demo] Mario Adventure Land,[Demo] Mario Adventure Land,,5,Casual,Standard,,,,
~ Sure Shot ~ featuring Sonic the Hedgehog DELUXE EDITION,~ Sure Shot ~ featuring Sonic the Hedgehog DELUXE EDITION,,11,Advanced,Kaizo,,,,
~omh~,~omh~,,100,Expert,Standard,,,,
⏱︎ Slow Motion Mario,⏱︎ Slow Motion Mario,,4,Expert,Kaizo,,,,
1 Island Of Vanilla Feeling,1 Island Of Vanilla Feeling,,7,Casual,Standard,,,,
1 Square Puzzle,1 Square Puzzle,,1,Grandmaster,"Tool-Assisted, Pit",,,,
100 Rooms of Enemies: 10th Anniversary Edition,100 Rooms of Enemies: 10th Anniversary Edition,,2,Intermediate,Standard,,,,
100 Rooms Of Torment,100 Rooms Of Torment,,0,Grandmaster,Kaizo,,,,
100th Birthday Cake,100th Birthday Cake,,0,Advanced,Kaizo,,,,
10yumps,10yumps,,56,Master,Kaizo,,,,
12 DAY: An SMW Mixtape,12 DAY: An SMW Mixtape,,11,Advanced,"Standard, Kaizo",,,,
1st Kochobo Dourado Collab,1st Kochobo Dourado Collab,,18,Casual,Standard,,,,
2 Hour Hack,2 Hour Hack,,6,Advanced,Standard,,,,
2 Player Co-op Quest 2,2 Player Co-op Quest 2,,13,Casual,Standard,,,,
2 Player Co-op Quest!,2 Player Co-op Quest!,,8,Casual,Standard,,,,
20 Challenges: Episode 1 - A feard enemy,20 Challenges: Episode 1 - A feard enemy,,1,Intermediate,Standard,,,,
20 Challenges: Episode 2 - Witchcraft,20 Challenges: Episode 2 - Witchcraft,,1,Intermediate,Standard,,,,
20 Challenges: Episode 3 - The tale from a bone,20 Challenges: Episode 3 - The tale from a bone,,1,Intermediate,Standard,,,,
20 Challenges: Episode 4 - Temple of the elements,20 Challenges: Episode 4 - Temple of the elements,,1,Intermediate,Standard,,,,
20 Challenges: Episode 5 - Community Vibe,20 Challenges: Episode 5 - Community Vibe,,1,Intermediate,Standard,,,,
2019 Blind Kaizo Relay Level Collaboration,2019 Blind Kaizo Relay Level Collaboration,,7,Expert,Kaizo,,,,
22H,22H,,21,Grandmaster,Kaizo,,,,
2K Shells,2K Shells,,17,Advanced,Kaizo,,,,
2Kaizo2Learn,2Kaizo2Learn,,69,Intermediate,Kaizo,,,,
3 Islands of Shells,3 Islands of Shells,,9,Expert,Kaizo,,,,
3 Trials,3 Trials,,4,Casual,Standard,,,,
35 Questions Deluxe,35 Questions Deluxe,,35,Master,Kaizo,,,,
35 Rooms of Nonsense,35 Rooms of Nonsense,,1,Master,Kaizo,,,,
4 YUMPs For Yoshi,4 YUMPs For Yoshi,,4,Expert,Kaizo,,,,
45 Rooms of Balderdash,45 Rooms of Balderdash,,1,Master,Kaizo,,,,
4th Chamber,4th Chamber,,29,Master,Kaizo,,,,
5 Level Hack,5 Level Hack,,5,Casual,Standard,,,,
5 Orbs,5 Orbs,,16,Newcomer,Standard,,,,
5.3.20 Magnolia,5.3.20 Magnolia,,14,Casual,Standard,,,,
6 HOURS,6 HOURS,,6,Advanced,Kaizo,,,,
8 SCREENS,8 SCREENS,,6,Advanced,Standard,,,,
8 Trials Await,8 Trials Await,,8,Newcomer,Standard,,,,
8:40,8:40,,0,Advanced,Kaizo,,,,
8-bit Mario World - Desert Mario,8-bit Mario World - Desert Mario,,1,Newcomer,Standard,,,,
9 Dreams,9 Dreams,,9,Expert,Kaizo,,,,
9 LONG ADVENTURES,9 LONG ADVENTURES,,10,Intermediate,Standard,,,,
A Baby Yoshi Quest,A Baby Yoshi Quest,,9,Intermediate,Standard,,,,
A Chance for Glory,A Chance for Glory,,0,Intermediate,"Standard, Kaizo",,,,
A Christmas Gift,A Christmas Gift,,4,Intermediate,Kaizo,,,,
A Christmas Gift: Timmy's Final Gift,A Christmas Gift: Timmy's Final Gift,,5,Advanced,Kaizo,,,,
A Christmas Walk,A Christmas Walk,,1,Casual,Standard,,,,
A Cold Day In Shell,A Cold Day In Shell,,7,Expert,Kaizo,,,,
A Difficult Journey,A Difficult Journey,,12,Casual,Standard,,,,
A FIP,A FIP,,0,Master,Kaizo,,,,
A Frivolous Journey,A Frivolous Journey,,7,Casual,Standard,,,,
A Goblin's Quest to Leave Her House and Get a Gyro For Lunch Because She Was Hungry,A Goblin's Quest to Leave Her House and Get a Gyro For Lunch Because She Was Hungry,,24,Expert,Kaizo,,,,
A Goomba's Walk,A Goomba's Walk,,7,Intermediate,Standard,,,,
A Hack Thing,A Hack Thing,,11,Newcomer,Standard,,,,
A Hack Thing 2,A Hack Thing 2,,12,Casual,Standard,,,,
A Halloween Walk,A Halloween Walk,,7,Casual,Standard,,,,
A Haunted Christmas,A Haunted Christmas,,7,Casual,Standard,,,,
A Haunting at Chateau Cousseaux,A Haunting at Chateau Cousseaux,,9,Grandmaster,Kaizo,,,,
A Helping Hand,A Helping Hand,,7,Casual,Standard,,,,
A Journey To Save The Yoshis,A Journey To Save The Yoshis,,19,Casual,Standard,,,,
A Kaizo Adventure,A Kaizo Adventure,,1,Master,Kaizo,,,,
A Kekcroc Christmas,A Kekcroc Christmas,,5,Casual,Standard,,,,
A Land That is Super,A Land That is Super,,25,Intermediate,Standard,,,,
A Lenda do Herói (Songs for a Hero),A Lenda do Herói (Songs for a Hero),,25,Intermediate,Standard,,,,
A Mario Place,A Mario Place,,7,Casual,Standard,,,,
A Maxi Mini Hack,A Maxi Mini Hack,,8,Newcomer,Standard,,,,
A Maxi Mini Hack B-Sides,A Maxi Mini Hack B-Sides,,3,Casual,Standard,,,,
A Metal Hack,A Metal Hack,,5,Newcomer,Standard,,,,
A Mole in Space,A Mole in Space,,0,Advanced,Standard,,,,
A New Journey,A New Journey,,8,Casual,Standard,,,,
A New Year Walk,A New Year Walk,,1,Casual,Standard,,,,
A Plumber For All Seasons,A Plumber For All Seasons,,41,Casual,Standard,,,,
a pretty view,a pretty view,,13,Expert,Kaizo,,,,
A Pure Vanilla Hack,A Pure Vanilla Hack,,6,Newcomer,Standard,,,,
A Random Pit,A Random Pit,,1,Master,"Tool-Assisted, Pit",,,,
A Rose for Emily,A Rose for Emily,,9,Master,Kaizo,,,,
A Rushed Project,A Rushed Project,,7,Intermediate,Standard,,,,
A Second X Thing: Gaiden: Gaiden,A Second X Thing: Gaiden: Gaiden,,26,Advanced,Standard,,,,
A Semi-Normal Castle,A Semi-Normal Castle,,1,Casual,Standard,,,,
A short Journey,A short Journey,,7,Expert,Kaizo,,,,
A short kaizo,A short kaizo,,6,Intermediate,Kaizo,,,,
A short kaizo 2,A short kaizo 2,,6,Intermediate,Kaizo,,,,
A Simple Story,A Simple Story,,7,Casual,Standard,,,,
A SMW Hack,A SMW Hack,,6,Newcomer,Standard,,,,
A Special Birthday,A Special Birthday,,8,Advanced,Standard,,,,
A Special Christmas,A Special Christmas,,8,Advanced,Standard,,,,
A Sticky Situation,A Sticky Situation,,16,Advanced,Kaizo,,,,
A story about an island,A story about an island,,8,Advanced,Kaizo,,,,
A Strange Mission,A Strange Mission,,8,Intermediate,Standard,,,,
A Strongly-Worded Letter to the Iceberg,A Strongly-Worded Letter to the Iceberg,,7,Master,"Standard, Kaizo",,,,
A Summer Level,A Summer Level,,1,Casual,Standard,,,,
A Super Mario Adventure,A Super Mario Adventure,,107,Casual,Standard,,,,
A Super Mario Thing,A Super Mario Thing,,94,Expert,Standard,,,,
A Super Mario World Rom Hack,A Super Mario World Rom Hack,,7,Intermediate,Standard,,,,
A Supposedly Fun Thing I'll Never Do Again,A Supposedly Fun Thing I'll Never Do Again,,18,Expert,Kaizo,,,,
A Teakettle of Wet Bees,A Teakettle of Wet Bees,,11,Expert,Kaizo,,,,
A Thing w/ Peiton,A Thing w/ Peiton,,69,Advanced,Standard,,,,
A Vanilla Level,A Vanilla Level,,1,Intermediate,Standard,,,,
A Very Super Mario World,A Very Super Mario World,,120,Grandmaster,Standard,,,,
A WIP,A WIP,,0,Master,Kaizo,,,,
A work project thing...,A work project thing...,,4,Intermediate,Standard,,,,
A Yoshi's Story,A Yoshi's Story,,1,Intermediate,Standard,,,,
A Yoshi's Story 2,A Yoshi's Story 2,,16,Casual,Standard,,,,
A1 Mario World,A1 Mario World,,14,Advanced,Kaizo,,,,
Absolute Authenticity,Absolute Authenticity,,0,Grandmaster,Kaizo,,,,
Abuse and Die 3,Abuse and Die 3,,3,Expert,"Kaizo, Tool-Assisted",,,,
Acid Tapes Vol. 1,Acid Tapes Vol. 1,,10,Advanced,Kaizo,,,,
Acid Tapes Vol. 2,Acid Tapes Vol. 2,,20,Expert,Kaizo,,,,
Action42,Action42,,10,Advanced,Kaizo,,,,
Advanced Shells,Advanced Shells,,15,Master,Kaizo,,,,
Advanced Shells II,Advanced Shells II,,14,Master,Kaizo,,,,
Advanced Shells III,Advanced Shells III,,13,Master,Kaizo,,,,
Adventure in Gemstone Islands,Adventure in Gemstone Islands,,73,Intermediate,Standard,,,,
Adventure Islands,Adventure Islands,,44,Advanced,Kaizo,,,,
Adventure Land: Darkness Rising,Adventure Land: Darkness Rising,,8,Casual,Standard,,,,
Adventure Land: Legend of the Stars,Adventure Land: Legend of the Stars,,7,Casual,Standard,,,,
Adventure Of The Red Plumber,Adventure Of The Red Plumber,,3,Newcomer,Standard,,,,
Aeron Returns,Aeron Returns,,3,Advanced,"Standard, Kaizo",,,,
Aeron's Golden Cookie Quest ~ Special Edition,Aeron's Golden Cookie Quest ~ Special Edition,,10,Advanced,Standard,,,,
Aether: The Paramount Omnibus,Aether: The Paramount Omnibus,,20,Casual,Standard,,,,
ageVerrly's Challenge,ageVerrly's Challenge,,1,Grandmaster,Kaizo,,,,
Agnosthesia,Agnosthesia,,22,Expert,Kaizo,,,,
Aionios Dynami,Aionios Dynami,,6,Intermediate,Standard,,,,
Akogare 2,Akogare 2,,29,Expert,Kaizo,,,,
Akogare Mario World,Akogare Mario World,,28,Advanced,Kaizo,,,,
Alabaras Shells,Alabaras Shells,,10,Expert,Kaizo,,,,
Albatros,Albatros,,32,Grandmaster,Kaizo,,,,
Alex Kidd in Mario World,Alex Kidd in Mario World,,38,Casual,Standard,,,,
Alex Kidd In Pancake World,Alex Kidd In Pancake World,,4,Casual,Standard,,,,
All in a Day's World,All in a Day's World,,10,Intermediate,Standard,,,,
Allstar's dream,Allstar's dream,,0,Intermediate,Kaizo,,,,
Allycia Legends - The Blood Moon,Allycia Legends - The Blood Moon,,9,Casual,Standard,,,,
Alpha Shelltauri,Alpha Shelltauri,,1,Master,Kaizo,,,,
ALPHA SPHERE Zero: Rotten Brains,ALPHA SPHERE Zero: Rotten Brains,,0,Newcomer,Standard,,,,
ALPHA SPHERE: Director's Cut,ALPHA SPHERE: Director's Cut,,5,Casual,Standard,,,,
Also Sprach Mario,Also Sprach Mario,,10,Advanced,Kaizo,,,,
Amazing,Amazing,,8,Advanced,Kaizo,,,,
Ambivalence,Ambivalence,,11,Advanced,Kaizo,,,,
Amulet Of Corruption DEMO,Amulet Of Corruption DEMO,,7,Casual,Standard,,,,
An SMW Central Production,An SMW Central Production,,117,Advanced,Standard,,,,
An Untitled Quest!,An Untitled Quest!,,14,Casual,Standard,,,,
Anita Kaizo Land,Anita Kaizo Land,,7,Advanced,Kaizo,,,,
Another adventure of Mario,Another adventure of Mario,,19,Intermediate,Standard,,,,
Another Challenge With Mario,Another Challenge With Mario,,8,Intermediate,Standard,,,,
Another Christmas Gift - Christmas in March,Another Christmas Gift - Christmas in March,,4,Advanced,Kaizo,,,,
Another Generic SMW Hack,Another Generic SMW Hack,,11,Newcomer,Standard,,,,
Another Mario Adventure,Another Mario Adventure,,5,Newcomer,Standard,,,,
Another Mario Hack,Another Mario Hack,,9,Intermediate,Standard,,,,
Another Mario Remastered,Another Mario Remastered,,71,Casual,Standard,,,,
Another Mario Remastered 2 - HF Crismon,Another Mario Remastered 2 - HF Crismon,,34,Casual,Standard,,,,
Another Mario World,Another Mario World,,54,Casual,Standard,,,,
Another Mario World 2: Luigi's Mission,Another Mario World 2: Luigi's Mission,,70,Casual,Standard,,,,
Another Rom Hack Featuring Mario,Another Rom Hack Featuring Mario,,8,Casual,Standard,,,,
Another Special World,Another Special World,,8,Intermediate,Standard,,,,
Another Special World 2,Another Special World 2,,9,Advanced,Standard,,,,
Another Super Mario Adventure,Another Super Mario Adventure,,27,Casual,Standard,,,,
Aperitif,Aperitif,,13,Intermediate,Kaizo,,,,
App Strike,App Strike,,5,Casual,Standard,,,,
Apple Boy 2: Homebound Hero,Apple Boy 2: Homebound Hero,,45,Casual,Standard,,,,
Apple Boy: Attack of Ice Cream Man,Apple Boy: Attack of Ice Cream Man,,33,Casual,Standard,,,,
Apple Guardian,Apple Guardian,,9,Expert,Kaizo,,,,
Arantes Shells,Arantes Shells,,15,Master,Kaizo,,,,
Arcadia,Arcadia,,25,Expert,Kaizo,,,,
Arcane Mario World,Arcane Mario World,,16,Expert,Kaizo,,,,
Archipelago of Truth Collection,Archipelago of Truth Collection,,19,Casual,Standard,,,,
Arcyria,Arcyria,,8,Expert,Kaizo,,,,
Are The Enemies Smarter Than A Caveman?,Are The Enemies Smarter Than A Caveman?,,10,Intermediate,Standard,,,,
Arkin,Arkin,,11,Advanced,Kaizo,,,,
ARMAGEDDON,ARMAGEDDON,,1,Grandmaster,"Tool-Assisted, Pit",,,,
Armaidia,Armaidia,,5,Casual,Standard,,,,
Assortment Of Wyverns,Assortment Of Wyverns,,3,Grandmaster,Kaizo,,,,
At Least The Music's Good,At Least The Music's Good,,15,Expert,Kaizo,,,,
Athletic Plumber Twins,Athletic Plumber Twins,,24,Casual,Standard,,,,
Attempt at a Normal Hack,Attempt at a Normal Hack,,40,Intermediate,Standard,,,,
Autumn,Autumn,,18,Expert,Kaizo,,,,
Autumn Hike (Demo),Autumn Hike (Demo),,4,Newcomer,Standard,,,,
Awesome Mario World,Awesome Mario World,,11,Casual,Standard,,,,
Awful Mario World,Awful Mario World,,12,Expert,Kaizo,,,,
Ayashi Mario,Ayashi Mario,,5,Expert,Kaizo,,,,
Babby Builds Wevels,Babby Builds Wevels,,14,Advanced,Kaizo,,,,
Baby Kaizo World,Baby Kaizo World,,44,Advanced,Kaizo,,,,
Baby Kaizo World 2,Baby Kaizo World 2,,34,Intermediate,Kaizo,,,,
Back to the Classics,Back to the Classics,,36,Casual,Standard,,,,
Back to the Green Hill,Back to the Green Hill,,25,Master,Kaizo,,,,
Backwards Mario World,Backwards Mario World,,13,Intermediate,Kaizo,,,,
Backyard Kaizo,Backyard Kaizo,,3,Expert,Kaizo,,,,
Baker's Dozen,Baker's Dozen,,13,Advanced,Kaizo,,,,
BALL BUSTER,BALL BUSTER,,9,Expert,Kaizo,,,,
Ball of Revenge,Ball of Revenge,,10,Newcomer,Standard,,,,
Banana Is Missing!,Banana Is Missing!,,19,Intermediate,Standard,,,,
Banana's Quest,Banana's Quest,,23,Intermediate,Standard,,,,
BanShell,BanShell,,6,Master,Kaizo,,,,
Banzai Mario World,Banzai Mario World,,40,Expert,Kaizo,,,,
Banzai's Level Sampler,Banzai's Level Sampler,,10,Casual,Standard,,,,
Baron of Shell,Baron of Shell,,22,Master,Kaizo,,,,
Basic Mario Hack,Basic Mario Hack,,13,Intermediate,Standard,,,,
Basic Mario Hack 2 BETA,Basic Mario Hack 2 BETA,,11,Intermediate,Standard,,,,
Bavario Bros.,Bavario Bros.,,16,Expert,Kaizo,,,,
Beach Park At Isla Blanca,Beach Park At Isla Blanca,,8,Intermediate,Standard,,,,
Beachside Blitz,Beachside Blitz,,14,Advanced,Kaizo,,,,
Bearded Comedy World,Bearded Comedy World,,20,Expert,Kaizo,,,,
Bearded Comedy World 2 Demo,Bearded Comedy World 2 Demo,,5,Expert,Kaizo,,,,
Beautiful (Not So) Dangerous,Beautiful (Not So) Dangerous,,15,Intermediate,Kaizo,,,,
Beautiful Dangerous,Beautiful Dangerous,,20,Expert,Kaizo,,,,
BEES in Space!,BEES in Space!,,4,Intermediate,Standard,,,,
Before The Shrooms Kick In,Before The Shrooms Kick In,,12,Advanced,Kaizo,,,,
Beginning of the End,Beginning of the End,,9,Expert,Kaizo,,,,
"BeginningBrew - Super ""Real"" World","BeginningBrew - Super ""Real"" World",,11,Advanced,Kaizo,,,,
Beneath the Bottom of the Screen,Beneath the Bottom of the Screen,,13,Master,Kaizo,,,,
BETO UNIVERSE,BETO UNIVERSE,,7,Intermediate,Kaizo,,,,
Beyond Beco World,Beyond Beco World,,10,Advanced,Kaizo,,,,
Big Boo Gang,Big Boo Gang,,18,Casual,Standard,,,,
Big Boo's Revenge,Big Boo's Revenge,,91,Intermediate,Standard,,,,
Binary Perdition,Binary Perdition,,5,Grandmaster,Kaizo,,,,
Binary World,Binary World,,10,Advanced,Standard,,,,
Biob's Challenge,Biob's Challenge,,1,Master,"Tool-Assisted, Pit",,,,
Birola World,Birola World,,13,Expert,Kaizo,,,,
Bits and Pieces,Bits and Pieces,,58,Advanced,Standard,,,,
Blackout Shells,Blackout Shells,,4,Expert,Kaizo,,,,
BLACKOUT.exe,BLACKOUT.exe,,23,Expert,Kaizo,,,,
Blind Devil's Trip Back in Time,Blind Devil's Trip Back in Time,,33,Intermediate,Standard,,,,
Blind Race: Lucky Pick,Blind Race: Lucky Pick,,5,Advanced,Kaizo,,,,
Blockreator Hack,Blockreator Hack,,7,Advanced,Standard,,,,
Blocks and Hammers and Coins and Spikes,Blocks and Hammers and Coins and Spikes,,6,Master,Kaizo,,,,
Blooper Stole My Cake,Blooper Stole My Cake,,12,Master,Kaizo,,,,
Blue World,Blue World,,17,Advanced,Kaizo,,,,
Bluerio's Adventure,Bluerio's Adventure,,11,Expert,Kaizo,,,,
Blue's Revenge,Blue's Revenge,,17,Advanced,Kaizo,,,,
Bluewater Kingdom,Bluewater Kingdom,,24,Casual,Standard,,,,
Bob's Adventure,Bob's Adventure,,6,Casual,Standard,,,,
BokoBoko 2  - no yaba (smw remaster),BokoBoko 2  - no yaba (smw remaster),,11,Intermediate,Standard,,,,
BoliKa,BoliKa,,9,Expert,Kaizo,,,,
Bomberman X,Bomberman X,,41,Casual,Standard,,,,
Bonni's Quest,Bonni's Quest,,25,Casual,Standard,,,,
Boogie Wonderland,Boogie Wonderland,,20,Master,Kaizo,,,,
Boon's Adventure,Boon's Adventure,,0,Advanced,Kaizo,,,,
BooSide,BooSide,,8,Intermediate,Standard,,,,
BOOT IT UP,BOOT IT UP,,1,Master,Kaizo,,,,
Borealis Sh'El,Borealis Sh'El,,9,Master,Kaizo,,,,
Boris,Boris,,52,Casual,Standard,,,,
Bounceland: The Quest for The Holy Springboard,Bounceland: The Quest for The Holy Springboard,,10,Intermediate,Standard,,,,
Bowser Forest,Bowser Forest,,9,Intermediate,Standard,,,,
Bowser Jr.'s Pirate Ship,Bowser Jr.'s Pirate Ship,,7,Intermediate,Standard,,,,
Bowser Jr's Adventure,Bowser Jr's Adventure,,17,Casual,Standard,,,,
Bowser Rampages Again,Bowser Rampages Again,,48,Casual,Standard,,,,
Bowser Rampages Again 2 - Peach Rampages Back!,Bowser Rampages Again 2 - Peach Rampages Back!,,10,Casual,Standard,,,,
Bowser Runis Marios Vaction,Bowser Runis Marios Vaction,,6,Casual,Standard,,,,
Bowser Stadium,Bowser Stadium,,18,Casual,Standard,,,,
Bowser Strikes Back,Bowser Strikes Back,,11,Casual,Standard,,,,
Bowser's Armada,Bowser's Armada,,15,Casual,Standard,,,,
Bowser's Casino,Bowser's Casino,,0,Newcomer,Standard,,,,
Bowser's Castle,Bowser's Castle,,1,Casual,Standard,,,,
Bowser's Castle 2,Bowser's Castle 2,,1,Casual,Standard,,,,
Bowser's Dangerous Castle 2,Bowser's Dangerous Castle 2,,1,Casual,Standard,,,,
Bowser's Hideout,Bowser's Hideout,,4,Intermediate,Standard,,,,
Bowser's Hideout 2,Bowser's Hideout 2,,5,Expert,Standard,,,,
Bowser's Hideout Deluxe,Bowser's Hideout Deluxe,,5,Intermediate,Standard,,,,
Bowser's Kingdom,Bowser's Kingdom,,6,Casual,Standard,,,,
Bowser's Plan Part One: Alternate World,Bowser's Plan Part One: Alternate World,,9,Newcomer,Standard,,,,
Bowser's Revenge,Bowser's Revenge,,67,Intermediate,Standard,,,,
Bowser's Revenge 2,Bowser's Revenge 2,,68,Intermediate,Standard,,,,
Bowser's Revenge 3,Bowser's Revenge 3,,44,Intermediate,Standard,,,,
Bowser's Revenge 4,Bowser's Revenge 4,,70,Intermediate,Standard,,,,
Bowser's Time Machine,Bowser's Time Machine,,6,Newcomer,Standard,,,,
Box of Shadows,Box of Shadows,,28,Expert,Kaizo,,,,
Brave New World,Brave New World,,12,Expert,Kaizo,,,,
Brave New World 2,Brave New World 2,,26,Expert,Kaizo,,,,
Bread World,Bread World,,11,Intermediate,Kaizo,,,,
Breakfast Kaizo 2: Elevensies,Breakfast Kaizo 2: Elevensies,,10,Expert,Kaizo,,,,
Breaking SMW,Breaking SMW,,6,Master,Kaizo,,,,
Briefly12 World,Briefly12 World,,11,Advanced,Kaizo,,,,
BRMVR,BRMVR,,23,Casual,Standard,,,,
Broken Shell,Broken Shell,,12,Expert,Kaizo,,,,
Bro's Adventure,Bro's Adventure,,4,Casual,Standard,,,,
Brothermen,Brothermen,,5,Advanced,Kaizo,,,,
Brutal Bunny,Brutal Bunny,,5,Intermediate,"Kaizo, Tool-Assisted",,,,
Brutal Mario,Brutal Mario,,98,Intermediate,Standard,,,,
Buddy Shell,Buddy Shell,,12,Advanced,Kaizo,,,,
Buddy Shell 2,Buddy Shell 2,,25,Expert,Kaizo,,,,
Buddy Shell 2 REDUX,Buddy Shell 2 REDUX,,21,Expert,Kaizo,,,,
Bullymario's New Super Mario World,Bullymario's New Super Mario World,,80,Intermediate,Standard,,,,
Bunbun 3,Bunbun 3,,24,Advanced,Kaizo,,,,
Bunbun World,Bunbun World,,19,Advanced,Kaizo,,,,
Bunbun World 2,Bunbun World 2,,19,Advanced,Kaizo,,,,
Burning Star,Burning Star,,11,Expert,Kaizo,,,,
Burning Star 2 Deluxe,Burning Star 2 Deluxe,,16,Master,Kaizo,,,,
Burrito Rings,Burrito Rings,,10,Expert,Standard,,,,
BUTT GRAVY,BUTT GRAVY,,1,Advanced,Kaizo,,,,
Buzzed,Buzzed,,10,Advanced,Kaizo,,,,
Buzzy's World Tour,Buzzy's World Tour,,6,Intermediate,Standard,,,,
By The Harvest Moon,By The Harvest Moon,,5,Intermediate,Standard,,,,
Cacaphonic Chrysalis,Cacaphonic Chrysalis,,1,Master,Kaizo,,,,
Cadaverous Chains,Cadaverous Chains,,1,Expert,Kaizo,,,,
Candy Shop,Candy Shop,,12,Advanced,Kaizo,,,,
Candy Shop - Light Edition,Candy Shop - Light Edition,,10,Intermediate,Kaizo,,,,
Cangrejo Kaizo Land,Cangrejo Kaizo Land,,17,Advanced,Kaizo,,,,
Can't Stop Won't Stop,Can't Stop Won't Stop,,6,Expert,Kaizo,,,,
Cape is Good,Cape is Good,,7,Expert,Kaizo,,,,
Capirotada Land,Capirotada Land,,10,Expert,Kaizo,,,,
Capirotada Land 2: Meta Knight's Intervention,Capirotada Land 2: Meta Knight's Intervention,,18,Master,Kaizo,,,,
Captain Barry's Treasure,Captain Barry's Treasure,,8,Casual,Standard,,,,
Captain Toad treasure tracker for snes,Captain Toad treasure tracker for snes,,24,Intermediate,Standard,,,,
Captain Toad Treasure Tracker for SNES II,Captain Toad Treasure Tracker for SNES II,,25,Casual,Standard,,,,
Capture That Cake!,Capture That Cake!,,6,Casual,Standard,,,,
Carl vs Juz: Carl's Toilet,Carl vs Juz: Carl's Toilet,,1,Intermediate,Kaizo,,,,
Carl vs Juz: Juzt Desserts,Carl vs Juz: Juzt Desserts,,1,Expert,"Standard, Kaizo",,,,
Cartuchito World,Cartuchito World,,26,Casual,Standard,,,,
Casio Mario World,Casio Mario World,,9,Grandmaster,Kaizo,,,,
Castle of Terror 3,Castle of Terror 3,,1,Advanced,"Kaizo, Tool-Assisted",,,,
Castle of Time,Castle of Time,,5,Casual,Standard,,,,
Castlemania,Castlemania,,6,Intermediate,Standard,,,,
Castlemania - REVAMPED,Castlemania - REVAMPED,,6,Intermediate,Standard,,,,
Castlemania II,Castlemania II,,6,Advanced,Standard,,,,
Castlemania II - REVAMPED,Castlemania II - REVAMPED,,6,Advanced,Standard,,,,
CATACLYSM,CATACLYSM,,1,Grandmaster,"Tool-Assisted, Pit",,,,
Cave Escape,Cave Escape,,2,Casual,Standard,,,,
Caveat Emptor 2,Caveat Emptor 2,,11,Expert,Kaizo,,,,
Cazeaje World,Cazeaje World,,6,Expert,Kaizo,,,,
Celery,Celery,,20,Casual,Kaizo,,,,
Celeste.smc,Celeste.smc,,9,Expert,Kaizo,,,,
Chain Reaction,Chain Reaction,,15,Expert,Kaizo,,,,
Chain Reaction 2,Chain Reaction 2,,0,Expert,Kaizo,,,,
Chaos Chronicles,Chaos Chronicles,,11,Casual,Standard,,,,
Chaos CompleXX,Chaos CompleXX,,26,Intermediate,Standard,,,,
Chaotic Realm,Chaotic Realm,,10,Intermediate,Standard,,,,
Cheap & Nasty,Cheap & Nasty,,4,Expert,Kaizo,,,,
Cheep Cheep Challenge,Cheep Cheep Challenge,,0,Intermediate,Standard,,,,
Cheese Island,Cheese Island,,8,Newcomer,Standard,,,,
CHI,CHI,,11,Advanced,Kaizo,,,,
Chicanery,Chicanery,,17,Expert,Kaizo,,,,
Chicanery Beginner Edition,Chicanery Beginner Edition,,23,Intermediate,Kaizo,,,,
Chirality,Chirality,,10,Advanced,Kaizo,,,,
Choco COLLAB - MaSeHiHa 2,Choco COLLAB - MaSeHiHa 2,,12,Newcomer,Standard,,,,
Chocolate Flavour!,Chocolate Flavour!,,1,Casual,Standard,,,,
Chocolate Sunday,Chocolate Sunday,,19,Expert,Kaizo,,,,
Choconilla Kaizo Island,Choconilla Kaizo Island,,13,Expert,Kaizo,,,,
Chomp's Coin Hunt,Chomp's Coin Hunt,,5,Intermediate,"Standard, Kaizo",,,,
Chopped N' Screwed,Chopped N' Screwed,,8,Master,Kaizo,,,,
Christmas Balls,Christmas Balls,,12,Intermediate,Standard,,,,
Christmas Hack,Christmas Hack,,6,Intermediate,Standard,,,,
Christmas Island,Christmas Island,,4,Intermediate,Standard,,,,
Christmas Island 2,Christmas Island 2,,8,Casual,Standard,,,,
Christmas Puzzle,Christmas Puzzle,,27,Intermediate,Standard,,,,
Chronoclasm,Chronoclasm,,0,Expert,Kaizo,,,,
Chrysalis,Chrysalis,,9,Grandmaster,Kaizo,,,,
Chuck Must Die,Chuck Must Die,,22,Expert,Kaizo,,,,
Cinnamon Hills,Cinnamon Hills,,15,Casual,Standard,,,,
Classic Mario,Classic Mario,,7,Casual,Standard,,,,
Classic Mario World 2: The Great Alliance,Classic Mario World 2: The Great Alliance,,120,Intermediate,Standard,,,,
Classic Mario World 3: The Finale,Classic Mario World 3: The Finale,,120,Intermediate,Standard,,,,
Classic Mario World: The Magical Crystals,Classic Mario World: The Magical Crystals,,113,Intermediate,Standard,,,,
Classic's Super Mario Brothers,Classic's Super Mario Brothers,,32,Newcomer,Standard,,,,
Claustrophobia,Claustrophobia,,96,Expert,Kaizo,,,,
Climb The Tower,Climb The Tower,,9,Intermediate,Kaizo,,,,
Coffee & TV,Coffee & TV,,11,Advanced,Kaizo,,,,
Coldsweat and Tears,Coldsweat and Tears,,10,Master,Kaizo,,,,
COLLAB,COLLAB,,11,Casual,Standard,,,,
Collection,Collection,,15,Casual,Standard,,,,
ColonThree,ColonThree,,2,Master,"Tool-Assisted, Pit",,,,
Colors [SMWC #],Colors,,22,Master,Kaizo,,,,
COLORS [SMWC #],COLORS,,5,Intermediate,Standard,,,,
COLORS 2,COLORS 2,,8,Intermediate,Standard,,,,
Colossus,Colossus,,95,Master,Standard,,,,
Combo Breaker,Combo Breaker,,18,Casual,Standard,,,,
"Combo Killer: Ultra Alpha Turbo HD Remix, Arcade Edition","Combo Killer: Ultra Alpha Turbo HD Remix, Arcade Edition",,36,Intermediate,"Kaizo, Tool-Assisted",,,,
Comfort Zone,Comfort Zone,,18,Expert,Kaizo,,,,
Commuter,Commuter,,13,Advanced,Kaizo,,,,
Contest Maniac,Contest Maniac,,4,Casual,Standard,,,,
Cool (Speedrun!),Cool (Speedrun!),,8,Intermediate,Standard,,,,
Cool or Cruel Stage 12 - Tubular,Cool or Cruel Stage 12 - Tubular,,1,Advanced,"Kaizo, Tool-Assisted",,,,
Cool Zone,Cool Zone,,16,Advanced,Kaizo,,,,
Copy and Paste,Copy and Paste,,4,Expert,Kaizo,,,,
Coriolis,Coriolis,,23,Expert,Kaizo,,,,
Cornucopia of Kaizo,Cornucopia of Kaizo,,27,Advanced,Kaizo,,,,
Cosmic Expedition,Cosmic Expedition,,45,Expert,Kaizo,,,,
CowaBunga,CowaBunga,,23,Expert,Kaizo,,,,
Crab Shells,Crab Shells,,14,Expert,Kaizo,,,,
Crash Bandicoot and the Retro Dimension,Crash Bandicoot and the Retro Dimension,,102,Intermediate,Standard,,,,
Crash Bandicoot and the Retro Dimension 2 - The Crystal Hunt,Crash Bandicoot and the Retro Dimension 2 - The Crystal Hunt,,120,Intermediate,Standard,,,,
Critter Quest,Critter Quest,,10,Advanced,Kaizo,,,,
Critter Quest Jr,Critter Quest Jr,,14,Advanced,Kaizo,,,,
CroNos Trigger,CroNos Trigger,,15,Expert,Kaizo,,,,
Crossfire,Crossfire,,22,Expert,Kaizo,,,,
Cruisy,Cruisy,,11,Advanced,Kaizo,,,,
Cube´s Kaizo World,Cube´s Kaizo World,,8,Expert,Kaizo,,,,
Cube´s Kaizo World 2,Cube´s Kaizo World 2,,9,Expert,Kaizo,,,,
Cube´s Kaizo World 3,Cube´s Kaizo World 3,,12,Expert,Kaizo,,,,
Cube´s Kaizo World 4,Cube´s Kaizo World 4,,13,Expert,Kaizo,,,,
Cube´s Kaizo World 5,Cube´s Kaizo World 5,,23,Master,Kaizo,,,,
Cute as Shell,Cute as Shell,,10,Advanced,Kaizo,,,,
Cute Kaizo World,Cute Kaizo World,,14,Advanced,Kaizo,,,,
Cuter Kaizo World,Cuter Kaizo World,,15,Advanced,Kaizo,,,,
Cygnus,Cygnus,,10,Expert,Kaizo,,,,
D.O.L.L.S.,D.O.L.L.S.,,0,Intermediate,Standard,,,,
DADDY,DADDY,,9,Expert,Kaizo,,,,
Daemon Land,Daemon Land,,8,Master,Kaizo,,,,
Daemon Land 2,Daemon Land 2,,10,Master,Kaizo,,,,
Daemon Land 3,Daemon Land 3,,8,Master,Kaizo,,,,
Daisy's Crazy Adventure,Daisy's Crazy Adventure,,17,Intermediate,Standard,,,,
Dancer to a Discordant System,Dancer to a Discordant System,,22,Expert,Kaizo,,,,
Danmaku Mario World,Danmaku Mario World,,0,Intermediate,Standard,,,,
Dark Shelly World,Dark Shelly World,,0,Master,Kaizo,,,,
Darkside 2,Darkside 2,,8,Expert,Kaizo,,,,
Darkstar,Darkstar,,18,Master,Kaizo,,,,
Day at the races,Day at the races,,1,Intermediate,Kaizo,,,,
Day At The Turkey Races,Day At The Turkey Races,,12,Expert,Kaizo,,,,
Day In The Life,Day In The Life,,10,Expert,Kaizo,,,,
Day of the Muncher,Day of the Muncher,,4,Casual,Standard,,,,
Daymaker: Release From Doomsday,Daymaker: Release From Doomsday,,89,Casual,Standard,,,,
Dead Man's Quest - Vagabond to Phantlore Island,Dead Man's Quest - Vagabond to Phantlore Island,,18,Intermediate,Standard,,,,
Dead-Man Mario World,Dead-Man Mario World,,7,Casual,Standard,,,,
Dearly Detested,Dearly Detested,,0,Master,Kaizo,,,,
Death of a Plumber,Death of a Plumber,,23,Expert,Kaizo,,,,
Death Zone,Death Zone,,11,Advanced,"Kaizo, Tool-Assisted",,,,
Deathshredder,Deathshredder,,1,Expert,Kaizo,,,,
DeClock Mario World Remastered,DeClock Mario World Remastered,,20,Expert,Kaizo,,,,
Deep In The Island,Deep In The Island,,7,Intermediate,Standard,,,,
DeepDreamWorld,DeepDreamWorld,,22,Advanced,Kaizo,,,,
DEEZ shells,DEEZ shells,,17,Expert,Kaizo,,,,
Deja Vu,Deja Vu,,10,Expert,Kaizo,,,,
Delirious Mario,Delirious Mario,,5,Master,Kaizo,,,,
Delirium,Delirium,,9,Expert,Kaizo,,,,
Demonsul's Fortress,Demonsul's Fortress,,1,Intermediate,Standard,,,,
Denali's Tail,Denali's Tail,,10,Expert,"Standard, Kaizo",,,,
Desert Traveling,Desert Traveling,,1,Newcomer,Standard,,,,
Devil's Asylum,Devil's Asylum,,2,Intermediate,Standard,,,,
Diffidence,Diffidence,,20,Expert,Kaizo,,,,
Digital Rage World,Digital Rage World,,15,Advanced,Kaizo,,,,
Dim Spirits: In-Blood - Complete Edition,Dim Spirits: In-Blood - Complete Edition,,5,Expert,Kaizo,,,,
DINGS,DINGS,,3,Casual,Standard,,,,
Dininho World,Dininho World,,9,Expert,Kaizo,,,,
Dinomar: Adventure of a SMWCentral User,Dinomar: Adventure of a SMWCentral User,,20,Casual,Standard,,,,
Disk Defrag,Disk Defrag,,12,Advanced,Standard,,,,
Do The Mario,Do The Mario,,8,Intermediate,Standard,,,,
domenyX Christmas,domenyX Christmas,,8,Casual,Standard,,,,
domenyX Generations,domenyX Generations,,30,Intermediate,Standard,,,,
domenyX vs Coronavirus,domenyX vs Coronavirus,,21,Intermediate,Standard,,,,
domenyX: Trouble in Paradise,domenyX: Trouble in Paradise,,12,Intermediate,Standard,,,,
Dongs! The Hack,Dongs! The Hack,,5,Newcomer,Standard,,,,
Donkey Kong 2: The Rise of Jumpman!,Donkey Kong 2: The Rise of Jumpman!,,4,Intermediate,Standard,,,,
Donkey Kong 3: Another Rise!,Donkey Kong 3: Another Rise!,,4,Intermediate,Standard,,,,
Donkey Kong 4: Rise and Repeat,Donkey Kong 4: Rise and Repeat,,4,Intermediate,Standard,,,,
Don't Dig Down,Don't Dig Down,,2,Intermediate,"Standard, Kaizo",,,,
Don't Panic,Don't Panic,,11,Expert,Kaizo,,,,
Don't Spare the Horses,Don't Spare the Horses,,8,Master,Kaizo,,,,
Doodlebob's Revenge,Doodlebob's Revenge,,1,Intermediate,Standard,,,,
Doomscroll,Doomscroll,,19,Expert,Kaizo,,,,
Dooooors,Dooooors,,21,Advanced,Kaizo,,,,
Doopliss Revenge,Doopliss Revenge,,4,Casual,Standard,,,,
Doro Chill,Doro Chill,,17,Intermediate,Kaizo,,,,
Doro Kaizo,Doro Kaizo,,20,Expert,Kaizo,,,,
Double Jump Man,Double Jump Man,,16,Master,Kaizo,,,,
Dr. Mario World Redrawn,Dr. Mario World Redrawn,,60,Casual,Standard,,,,
Dreadshredder,Dreadshredder,,5,Master,Kaizo,,,,
Dream Collider,Dream Collider,,0,Expert,Kaizo,,,,
Dream Eater,Dream Eater,,11,Expert,Kaizo,,,,
Dreams,Dreams,,15,Advanced,Kaizo,,,,
Dreza Demo 1st Public Release,Dreza Demo 1st Public Release,,5,Expert,Kaizo,,,,
Drive the Desert Bus,Drive the Desert Bus,,2,Intermediate,Standard,,,,
Drkrdnk World,Drkrdnk World,,25,Advanced,Kaizo,,,,
Duck Island,Duck Island,,4,Advanced,Kaizo,,,,
Duck Season,Duck Season,,11,Master,Kaizo,,,,
dumb,dumb,,38,Advanced,Standard,,,,
Dusty Shells,Dusty Shells,,10,Master,Kaizo,,,,
Dynamic Mario,Dynamic Mario,,10,Advanced,Kaizo,,,,
Dynasty's Choconilla Seasons Hack,Dynasty's Choconilla Seasons Hack,,4,Casual,Standard,,,,
Dysphoria,Dysphoria,,7,Expert,Kaizo,,,,
Easy One Screen Puzzle,Easy One Screen Puzzle,,1,Master,"Tool-Assisted, Pit",,,,
Easy Two Screen Puzzle,Easy Two Screen Puzzle,,3,Grandmaster,"Tool-Assisted, Pit",,,,
Easyland,Easyland,,14,Intermediate,Kaizo,,,,
Easyland 2,Easyland 2,,16,Intermediate,Kaizo,,,,
Easyland 3,Easyland 3,,19,Advanced,Kaizo,,,,
echoestopia,echoestopia,,0,Intermediate,Kaizo,,,,
Eclectic Shell,Eclectic Shell,,12,Intermediate,Kaizo,,,,
EF Land,EF Land,,6,Newcomer,Standard,,,,
Effortworld,Effortworld,,57,Expert,Standard,,,,
EGO WORLD,EGO WORLD,,10,Advanced,Kaizo,,,,
Eh,Eh,,8,Expert,Kaizo,,,,
Eidolon,Eidolon,,50,Master,"Standard, Kaizo",,,,
Eikro: The Children of Darloum,Eikro: The Children of Darloum,,19,Expert,Kaizo,,,,
El Dorado,El Dorado,,10,Expert,Kaizo,,,,
Electra,Electra,,8,Casual,Standard,,,,
Elephants and Snakes and Crocodiles,Elephants and Snakes and Crocodiles,,13,Master,Kaizo,,,,
Elysium Shells,Elysium Shells,,11,Expert,Kaizo,,,,
Empyrean,Empyrean,,12,Expert,Kaizo,,,,
Endeavor,Endeavor,,12,Expert,Kaizo,,,,
Enter the Gizzverse,Enter the Gizzverse,,9,Expert,Kaizo,,,,
Enter the Void,Enter the Void,,10,Expert,Kaizo,,,,
Entropy,Entropy,,16,Expert,Kaizo,,,,
EP,EP,,7,Casual,Standard,,,,
Epic Gamer World,Epic Gamer World,,8,Expert,Kaizo,,,,
Epiphany,Epiphany,,21,Expert,Kaizo,,,,
Eroi del passato,Eroi del passato,,8,Expert,Kaizo,,,,
Escape from Kudzu Planet,Escape from Kudzu Planet,,13,Advanced,Kaizo,,,,
ESCAPE FROM LA PLUME,ESCAPE FROM LA PLUME,,9,Advanced,Kaizo,,,,
Eternal Mario World,Eternal Mario World,,4,Expert,Kaizo,,,,
Eternal Nightfall,Eternal Nightfall,,5,Casual,Standard,,,,
Eudaimonia,Eudaimonia,,10,Expert,Kaizo,,,,
Euphoria Isle,Euphoria Isle,,12,Casual,Standard,,,,
EVERY LEVEL IGGY!,EVERY LEVEL IGGY!,,7,Casual,Standard,,,,
EVERY LEVEL LEMMY!,EVERY LEVEL LEMMY!,,10,Casual,Standard,,,,
EVERY LEVEL LUDWIG!,EVERY LEVEL LUDWIG!,,9,Intermediate,Standard,,,,
EVERY LEVEL MORTON!,EVERY LEVEL MORTON!,,9,Casual,Standard,,,,
Everyone's Gone,Everyone's Gone,,3,Casual,"Standard, Puzzle",,,,
Everything Is Not All Right,Everything Is Not All Right,,11,Advanced,Kaizo,,,,
Evil Conquest,Evil Conquest,,63,Expert,Standard,,,,
Evil Doopu World,Evil Doopu World,,6,Expert,Kaizo,,,,
Evil Doopu World 2,Evil Doopu World 2,,7,Master,Kaizo,,,,
Evolve or Die,Evolve or Die,,3,Advanced,"Standard, Kaizo",,,,
EVW,EVW,,15,Intermediate,Standard,,,,
Exodius,Exodius,,21,Expert,Kaizo,,,,
Exshellsior,Exshellsior,,9,Expert,Kaizo,,,,
Extended Interactions,Extended Interactions,,24,Expert,Kaizo,,,,
Extinction Rebellion,Extinction Rebellion,,10,Advanced,Kaizo,,,,
Extreme One-Screen Puzzle,Extreme One-Screen Puzzle,,1,Advanced,"Kaizo, Tool-Assisted",,,,
EY JUICE,EY JUICE,,29,Advanced,Kaizo,,,,
Eyeless: Director's Cut + Original,Eyeless: Director's Cut + Original,,5,Casual,Standard,,,,
EZ Kaizo,EZ Kaizo,,15,Intermediate,Kaizo,,,,
Facedesk!,Facedesk!,,9,Advanced,"Kaizo, Tool-Assisted",,,,
Fail World,Fail World,,27,Master,Kaizo,,,,
Fall Guys World,Fall Guys World,,19,Intermediate,Standard,,,,
Fantasia,Fantasia,,21,Master,Kaizo,,,,
"Far a day, near dismay","Far a day, near dismay",,10,Master,Kaizo,,,,
Fast Food Kaizo,Fast Food Kaizo,,5,Expert,Kaizo,,,,
Father's Gift,Father's Gift,,24,Intermediate,Kaizo,,,,
Fedora,Fedora,,1,Expert,Kaizo,,,,
Feginner,Feginner,,11,Advanced,Kaizo,,,,
Final Fantasy: Super Moogle World,Final Fantasy: Super Moogle World,,60,Casual,Standard,,,,
Fire and Ice,Fire and Ice,,19,Master,Kaizo,,,,
First Foray,First Foray,,5,Casual,Standard,,,,
First Step Forward,First Step Forward,,11,Advanced,Kaizo,,,,
Fishing Season 2,Fishing Season 2,,14,Casual,Standard,,,,
Flip The Switch,Flip The Switch,,7,Master,Kaizo,,,,
FLOATING MUNCHERS SERIES?,FLOATING MUNCHERS SERIES?,,2,Advanced,Standard,,,,
FloMcNasty World,FloMcNasty World,,11,Advanced,Kaizo,,,,
Fly Me To The Stars,Fly Me To The Stars,,6,Master,Kaizo,,,,
Flying With Style,Flying With Style,,7,Master,Kaizo,,,,
F-Mario: Galaxy Cup,F-Mario: Galaxy Cup,,12,Intermediate,Standard,,,,
For Dan,For Dan,,25,Advanced,Kaizo,,,,
Forer - Barnum,Forer - Barnum,,13,Expert,Kaizo,,,,
forest of illusion 4,forest of illusion 4,,0,Master,Kaizo,,,,
Forever,Forever,,11,Advanced,Kaizo,,,,
Forgotten Town,Forgotten Town,,9,Intermediate,Standard,,,,
ForgottenWorld,ForgottenWorld,,10,Advanced,Kaizo,,,,
Foxx BGG World - KSD Edition,Foxx BGG World - KSD Edition,,17,Advanced,Kaizo,,,,
Foxx BGN World,Foxx BGN World,,17,Intermediate,Kaizo,,,,
Fragaria 🍓,Fragaria 🍓,,15,Advanced,Kaizo,,,,
Freak City,Freak City,,92,Advanced,Standard,,,,
Free Luigi,Free Luigi,,9,Intermediate,"Standard, Kaizo",,,,
Free Verse For Sara,Free Verse For Sara,,1,Master,Kaizo,,,,
French Fries & French Toast,French Fries & French Toast,,15,Expert,Kaizo,,,,
French SMW Hacking Contest 2008,French SMW Hacking Contest 2008,,11,Casual,Standard,,,,
Fresh Hops,Fresh Hops,,14,Advanced,Kaizo,,,,
Fresh Hops 2,Fresh Hops 2,,36,Expert,Kaizo,,,,
Friday Mario World,Friday Mario World,,11,Expert,Kaizo,,,,
From Heaven To Hell,From Heaven To Hell,,14,Expert,Kaizo,,,,
From World to World,From World to World,,5,Casual,Standard,,,,
Fulfill the Dream,Fulfill the Dream,,22,Expert,Kaizo,,,,
Full Bloom,Full Bloom,,13,Advanced,Kaizo,,,,
Future Elliotto World,Future Elliotto World,,19,Expert,Kaizo,,,,
GADZOOKS,GADZOOKS,,30,Expert,Kaizo,,,,
Gaia,Gaia,,23,Advanced,Kaizo,,,,
Gaijin Mario,Gaijin Mario,,8,Master,Kaizo,,,,
Gambit,Gambit,,21,Expert,Kaizo,,,,
Gambol,Gambol,,11,Advanced,Kaizo,,,,
Gambol 2,Gambol 2,,18,Expert,Kaizo,,,,
game.bps,game.bps,,0,Advanced,Standard,,,,
Gameboy Bros. 3!,Gameboy Bros. 3!,,7,Intermediate,Standard,,,,
Ganja World,Ganja World,,0,Expert,Kaizo,,,,
GARLIC,GARLIC,,12,Master,Kaizo,,,,
Gas Pack,Gas Pack,,0,Advanced,Kaizo,,,,
Gauntlet,Gauntlet,,7,Intermediate,Standard,,,,
Gauntlet 2,Gauntlet 2,,7,Intermediate,Standard,,,,
Gemstones,Gemstones,,2,Grandmaster,Kaizo,,,,
Get Busy Jumping Or Get Busy Dying,Get Busy Jumping Or Get Busy Dying,,12,Expert,Kaizo,,,,
Get On Up!,Get On Up!,,19,Expert,Kaizo,,,,
Get Rich Quick,Get Rich Quick,,32,Advanced,"Standard, Kaizo",,,,
G-FazO,G-FazO,,7,Expert,Kaizo,,,,
Giggle world,Giggle world,,27,Intermediate,Standard,,,,
Glow,Glow,,28,Advanced,Standard,,,,
God do Shell,God do Shell,,11,Expert,Kaizo,,,,
Goku86,Goku86,,20,Expert,Kaizo,,,,
GOMBA and stuff,GOMBA and stuff,,14,Grandmaster,Kaizo,,,,
good old days,good old days,,10,Advanced,Standard,,,,
good old days 2,good old days 2,,9,Advanced,Standard,,,,
good old days 3,good old days 3,,19,Expert,"Standard, Kaizo",,,,
good old days 4,good old days 4,,42,Expert,"Standard, Kaizo",,,,
good old days: recycle bin,good old days: recycle bin,,18,Advanced,Standard,,,,
Good Question!,Good Question!,,6,Intermediate,Standard,,,,
Goombario's World,Goombario's World,,8,Newcomer,Standard,,,,
Goukie's Palace,Goukie's Palace,,1,Intermediate,"Kaizo, Tool-Assisted",,,,
Grand Poo World,Grand Poo World,,21,Master,Kaizo,,,,
Grand Poo World 2,Grand Poo World 2,,23,Master,Kaizo,,,,
Grand Troll World 1,Grand Troll World 1,,6,Intermediate,Kaizo,,,,
GrandChaos' Mario World,GrandChaos' Mario World,,13,Newcomer,Standard,,,,
Gratitude,Gratitude,,16,Expert,Kaizo,,,,
Green Cavern,Green Cavern,,3,Grandmaster,"Kaizo, Tool-Assisted",,,,
Gregor's New Super Mario World,Gregor's New Super Mario World,,15,Casual,Standard,,,,
Grenudo Planet 3,Grenudo Planet 3,,21,Advanced,Kaizo,,,,
Greñudo planet2 Lucas´s revenge,Greñudo planet2 Lucas´s revenge,,15,Expert,Kaizo,,,,
GREÑUDOS PLANET,GREÑUDOS PLANET,,10,Advanced,Kaizo,,,,
Grey Eminence,Grey Eminence,,34,Advanced,Standard,,,,
Griffy World,Griffy World,,19,Expert,Kaizo,,,,
Groovy,Groovy,,1,Advanced,Kaizo,,,,
Gynura,Gynura,,16,Advanced,Kaizo,,,,
H&SB2 - Twilight Gem:  Hunter's Quest,H&SB2 - Twilight Gem:  Hunter's Quest,,43,Intermediate,Standard,,,,
H&SB2 - Twilight Gem: Scorpion's Hunt,H&SB2 - Twilight Gem: Scorpion's Hunt,,53,Intermediate,Standard,,,,
Hack,Hack,,9,Casual,Standard,,,,
Hack 0,Hack 0,,7,Advanced,Standard,,,,
Hack 0 2,Hack 0 2,,5,Intermediate,Standard,,,,
Hack 0 3,Hack 0 3,,12,Intermediate,Standard,,,,
Hack -1,Hack -1,,9,Intermediate,Standard,,,,
Hack 1 2,Hack 1 2,,10,Intermediate,Standard,,,,
Hack -1 2,Hack -1 2,,7,Casual,Standard,,,,
Hack 1 2 2,Hack 1 2 2,,10,Intermediate,Standard,,,,
Hack 1 2 3,Hack 1 2 3,,10,Intermediate,Standard,,,,
Hack 2,Hack 2,,20,Intermediate,Standard,,,,
Hack 25,Hack 25,,6,Intermediate,Standard,,,,
Hack 3,Hack 3,,15,Casual,Standard,,,,
Hack 4,Hack 4,,11,Casual,Standard,,,,
Hack 5,Hack 5,,14,Casual,Standard,,,,
Hack 6,Hack 6,,11,Intermediate,Standard,,,,
Hack 7,Hack 7,,10,Intermediate,Standard,,,,
Hack 8,Hack 8,,10,Intermediate,Standard,,,,
Hack for a dying culture,Hack for a dying culture,,7,Master,Kaizo,,,,
Hack: Greatest Hits,Hack: Greatest Hits,,27,Intermediate,"Standard, Kaizo",,,,
Hack: Greatest Hits Xtreme!,Hack: Greatest Hits Xtreme!,,20,Intermediate,Kaizo,,,,
Hackers Dreams : Going Too Far,Hackers Dreams : Going Too Far,,1,Master,Kaizo,,,,
Hackers Dreams : Pipe Dream,Hackers Dreams : Pipe Dream,,1,Master,Kaizo,,,,
Hage World,Hage World,,13,Expert,Kaizo,,,,
Hage World 2,Hage World 2,,23,Expert,Kaizo,,,,
Hakurankai Mario,Hakurankai Mario,,5,Casual,Standard,,,,
Hallowed Ground,Hallowed Ground,,14,Expert,Kaizo,,,,
Halloween Hack,Halloween Hack,,7,Intermediate,Standard,,,,
Halloween in the Mushroom Kingdom,Halloween in the Mushroom Kingdom,,3,Casual,Standard,,,,
Halloween Islands,Halloween Islands,,8,Intermediate,Kaizo,,,,
Halloween Kaizo World,Halloween Kaizo World,,5,Advanced,Kaizo,,,,
Halo 14 - Definitive Edition,Halo 14 - Definitive Edition,,23,Expert,Kaizo,,,,
Halo 14 - Side A,Halo 14 - Side A,,12,Expert,Kaizo,,,,
Halo 14 - Side B,Halo 14 - Side B,,11,Expert,Kaizo,,,,
Hammer Time,Hammer Time,,23,Advanced,Kaizo,,,,
Hangin With Mr. Koopa,Hangin With Mr. Koopa,,10,Advanced,Kaizo,,,,
Hangin With Mr. Koopa 2: All Vanilla No Filla,Hangin With Mr. Koopa 2: All Vanilla No Filla,,9,Advanced,Kaizo,,,,
Hardcore Mario,Hardcore Mario,,5,Grandmaster,Kaizo,,,,
Harmful,Harmful,,17,Master,Kaizo,,,,
Häschen [hɛʃn̩],Häschen [hɛʃn̩],,28,Intermediate,Standard,,,,
Hazuka World,Hazuka World,,5,Advanced,Kaizo,,,,
Heat Wave,Heat Wave,,19,Advanced,Kaizo,,,,
Heavenly Host,Heavenly Host,,0,Advanced,Kaizo,,,,
Heavenly host 2 : Master class,Heavenly host 2 : Master class,,0,Advanced,Kaizo,,,,
Heavenly host 3 : Forever faithful,Heavenly host 3 : Forever faithful,,0,Advanced,Kaizo,,,,
Heckin' Spoop World,Heckin' Spoop World,,13,Advanced,Standard,,,,
Hell Wizardry: functional overworld edition,Hell Wizardry: functional overworld edition,,16,Expert,Kaizo,,,,
Hertz Donut,Hertz Donut,,16,Intermediate,"Kaizo, Tool-Assisted",,,,
Hi!,Hi!,,14,Master,Kaizo,,,,
Hidden Dream in the Deep Time,Hidden Dream in the Deep Time,,12,Expert,Kaizo,,,,
Home,Home,,6,Expert,Kaizo,,,,
Hope's Wind,Hope's Wind,,13,Advanced,Kaizo,,,,
Hops' Great Adventure,Hops' Great Adventure,,11,Master,Kaizo,,,,
Horrifying Mario World,Horrifying Mario World,,20,Intermediate,"Kaizo, Tool-Assisted",,,,
HotHead Heights,HotHead Heights,,7,Advanced,Kaizo,,,,
Hourglass Twist,Hourglass Twist,,13,Master,"Kaizo, Puzzle",,,,
House of King Boo,House of King Boo,,1,Expert,Kaizo,,,,
How I Learned to Stop Worrying and Love the Bob-omb,How I Learned to Stop Worrying and Love the Bob-omb,,5,Casual,Standard,,,,
how long do snails sleep (vanilla),how long do snails sleep (vanilla),,0,Advanced,Kaizo,,,,
How NOT to Kaizo,How NOT to Kaizo,,8,Intermediate,"Kaizo, Tool-Assisted",,,,
Hummer Super Mario World,Hummer Super Mario World,,28,Casual,Standard,,,,
Hunter & SCORPION's Bet Saga - SCORPION's Ravage,Hunter & SCORPION's Bet Saga - SCORPION's Ravage,,62,Intermediate,Standard,,,,
Hunter and Scorpion's Bet ReVised - Hunter's Path,Hunter and Scorpion's Bet ReVised - Hunter's Path,,27,Intermediate,Standard,,,,
Hydro,Hydro,,17,Expert,Kaizo,,,,
Hyper Hentai Hotties,Hyper Hentai Hotties,,7,Casual,Standard,,,,
Hyperexcitability,Hyperexcitability,,1,Master,Kaizo,,,,
HYPERION,HYPERION,,28,Advanced,Kaizo,,,,
Hypnagogia,Hypnagogia,,3,Master,Kaizo,,,,
HYSTERIA,HYSTERIA,,14,Advanced,Kaizo,,,,
I Come In Peace,I Come In Peace,,22,Casual,Standard,,,,
I HATE YOU,I HATE YOU,,2,Newcomer,Standard,,,,
I Wanna Be The ROM Hack: Prototype,I Wanna Be The ROM Hack: Prototype,,1,Advanced,"Standard, Kaizo",,,,
Icarus,Icarus,,8,Expert,Kaizo,,,,
Ides of March,Ides of March,,20,Expert,Kaizo,,,,
Ides of March 2: Dogs of War,Ides of March 2: Dogs of War,,21,Expert,Kaizo,,,,
Ieo,Ieo,,9,Casual,Standard,,,,
Iggy's Island,Iggy's Island,,6,Newcomer,Standard,,,,
Il Maniero Spettrale (Halloween 2018 Version),Il Maniero Spettrale (Halloween 2018 Version),,1,Casual,Standard,,,,
Illuminati,Illuminati,,6,Expert,Kaizo,,,,
Ilusiyellow?,Ilusiyellow?,,1,Casual,Standard,,,,
Immitis,Immitis,,6,Expert,Kaizo,,,,
In A Random Adventure,In A Random Adventure,,6,Casual,Standard,,,,
In Absentia of Knowing,In Absentia of Knowing,,1,Grandmaster,Kaizo,,,,
In Memoriam Hack Pack,In Memoriam Hack Pack,,11,Casual,Standard,,,,
In the Pocket,In the Pocket,,25,Expert,Kaizo,,,,
In Triplicate,In Triplicate,,10,Expert,Kaizo,,,,
Inane Mario World,Inane Mario World,,19,Master,Kaizo,,,,
Inappropriate Jetski 19,Inappropriate Jetski 19,,12,Casual,Standard,,,,
INCEPTION,INCEPTION,,17,Master,Kaizo,,,,
INCEPTION II,INCEPTION II,,20,Master,Kaizo,,,,
Incredibous Shells,Incredibous Shells,,15,Master,Kaizo,,,,
Incredibous Shells 2,Incredibous Shells 2,,12,Master,Kaizo,,,,
Inert Aeronaut,Inert Aeronaut,,11,Expert,Kaizo,,,,
INFERNVM,INFERNVM,,69,Expert,Kaizo,,,,
Infinity Edge,Infinity Edge,,32,Intermediate,Standard,,,,
Initiation,Initiation,,15,Advanced,Kaizo,,,,
Initiation 2 Da_Queest,Initiation 2 Da_Queest,,27,Expert,Kaizo,,,,
Insert Coin,Insert Coin,,1,Casual,Standard,,,,
INSOMNIA,INSOMNIA,,17,Expert,Kaizo,,,,
Insouciant Mario,Insouciant Mario,,8,Master,Kaizo,,,,
Interesting Kaizo World,Interesting Kaizo World,,22,Expert,Kaizo,,,,
Intershellar,Intershellar,,15,Expert,Kaizo,,,,
Intrigue of Kittens,Intrigue of Kittens,,5,Advanced,Kaizo,,,,
Invictus,Invictus,,22,Expert,Kaizo,,,,
Iridium,Iridium,,17,Expert,Kaizo,,,,
Item Abuse,Item Abuse,,1,Expert,"Tool-Assisted, Pit",,,,
Item Abuse 3,Item Abuse 3,,1,Grandmaster,"Tool-Assisted, Pit",,,,
It's another hack with Mario in it! Yay!,It's another hack with Mario in it! Yay!,,41,Casual,Standard,,,,
ITS EEZ WORLD,ITS EEZ WORLD,,14,Expert,Kaizo,,,,
IUDICIUM TRIBUNALIS,IUDICIUM TRIBUNALIS,,10,Advanced,"Kaizo, Tool-Assisted",,,,
"Ja, tack!","Ja, tack!",,8,Expert,Kaizo,,,,
Jam,Jam,,14,Master,Kaizo,,,,
JDCGames Collab,JDCGames Collab,,43,Intermediate,Standard,,,,
Jeitor Land: The Lost Lasagna,Jeitor Land: The Lost Lasagna,,35,Casual,Standard,,,,
Jerry's Autowalking Adventure to Rescue His Cheese,Jerry's Autowalking Adventure to Rescue His Cheese,,7,Expert,Kaizo,,,,
Jerry's Vacation,Jerry's Vacation,,18,Casual,Standard,,,,
Jigoku Mario World 2,Jigoku Mario World 2,,17,Master,Kaizo,,,,
Jigoku Mario World 3,Jigoku Mario World 3,,25,Grandmaster,Kaizo,,,,
Jigoku Mario World Remastered,Jigoku Mario World Remastered,,24,Expert,Kaizo,,,,
Jigsaw's Test,Jigsaw's Test,,11,Casual,Standard,,,,
Jin'Rokh's Adventure,Jin'Rokh's Adventure,,20,Advanced,Kaizo,,,,
JISH,JISH,,62,Intermediate,Kaizo,,,,
Joe Biden for the PS2: Re-Elected,Joe Biden for the PS2: Re-Elected,,5,Advanced,Kaizo,,,,
Joeey's Level Collection,Joeey's Level Collection,,6,Casual,Standard,,,,
John's Unfunny World - Phase 1,John's Unfunny World - Phase 1,,4,Intermediate,Standard,,,,
JokerShellOk,JokerShellOk,,15,Grandmaster,Kaizo,,,,
Jono Hack,Jono Hack,,4,Intermediate,Standard,,,,
Jouhou,Jouhou,,7,Advanced,Kaizo,,,,
Journey To Peak,Journey To Peak,,8,Expert,Kaizo,,,,
JTTMK 3 - Mario and Moonlight's Quest,JTTMK 3 - Mario and Moonlight's Quest,,35,Casual,Standard,,,,
JUMP,JUMP,,125,Expert,Standard,,,,
JUMP½,JUMP½,,130,Advanced,Standard,,,,
Jumping Over It with Super Mario,Jumping Over It with Super Mario,,3,Expert,Kaizo,,,,
Jumpman Returns,Jumpman Returns,,4,Intermediate,Standard,,,,
Jumps Rhymes and Life,Jumps Rhymes and Life,,25,Master,Kaizo,,,,
Jumpscare,Jumpscare,,12,Master,Kaizo,,,,
Just a Normal Quest,Just a Normal Quest,,17,Intermediate,Standard,,,,
Just a Pure Vanilla Super Mario World Hack,Just a Pure Vanilla Super Mario World Hack,,8,Casual,Standard,,,,
Just Another Bad Kaizo Hack,Just Another Bad Kaizo Hack,,11,Master,Kaizo,,,,
Just Another Mario Hack,Just Another Mario Hack,,7,Intermediate,Standard,,,,
Just Another Shell Hack,Just Another Shell Hack,,10,Master,Kaizo,,,,
Just Another SMW Hack,Just Another SMW Hack,,11,Casual,Standard,,,,
Just Blob,Just Blob,,6,Newcomer,Standard,,,,
just like amy; exactly like amy,just like amy; exactly like amy,,12,Master,"Standard, Kaizo",,,,
Just Thanks,Just Thanks,,6,Advanced,Kaizo,,,,
Justice for Mario,Justice for Mario,,99,Intermediate,Standard,,,,
K-16 - Story of Steel,K-16 - Story of Steel,,25,Intermediate,Standard,,,,
Kaeru's Unnamed Hack,Kaeru's Unnamed Hack,,11,Casual,Standard,,,,
"Kaiden, where's your head at??","Kaiden, where's your head at??",,3,Intermediate,Standard,,,,
Kaiketsoy Mario,Kaiketsoy Mario,,1,Expert,Kaizo,,,,
Kain's Quest,Kain's Quest,,13,Intermediate,Standard,,,,
Kaitenzushi,Kaitenzushi,,10,Expert,Kaizo,,,,
Kaizo,Kaizo,,5,Master,Kaizo,,,,
Kaizo 2: The Kaizening,Kaizo 2: The Kaizening,,5,Master,Kaizo,,,,
Kaizo 3 Styled Hack,Kaizo 3 Styled Hack,,10,Master,Kaizo,,,,
kaizo beats to run quick to - vol. 3,kaizo beats to run quick to - vol. 3,,8,Expert,Kaizo,,,,
Kaizo Breeze,Kaizo Breeze,,12,Casual,Kaizo,,,,
Kaizo Consistency,Kaizo Consistency,,36,Intermediate,Kaizo,,,,
Kaizo Crisis,Kaizo Crisis,,5,Master,Kaizo,,,,
Kaizo Crisis 2,Kaizo Crisis 2,,7,Expert,Kaizo,,,,
Kaizo Dreamland,Kaizo Dreamland,,4,Expert,Kaizo,,,,
Kaizo Island,Kaizo Island,,12,Expert,Kaizo,,,,
Kaizo Kidz,Kaizo Kidz,,10,Intermediate,Kaizo,,,,
Kaizo Kong Country,Kaizo Kong Country,,10,Intermediate,Kaizo,,,,
Kaizo Marathon,Kaizo Marathon,,1,Expert,Kaizo,,,,
Kaizo Mario World,Kaizo Mario World,,11,Expert,Kaizo,,,,
Kaizo Mario World 2,Kaizo Mario World 2,,9,Master,Kaizo,,,,
Kaizo Mario World 3,Kaizo Mario World 3,,12,Grandmaster,Kaizo,,,,
Kaizo no Notam,Kaizo no Notam,,10,Master,Kaizo,,,,
Kaizo no Yume,Kaizo no Yume,,22,Expert,Kaizo,,,,
Kamek and the Shroobs,Kamek and the Shroobs,,25,Casual,Standard,,,,
Kamek's Island,Kamek's Island,,82,Casual,Standard,,,,
Kamek's Revenge,Kamek's Revenge,,10,Casual,Standard,,,,
Kamikaze,Kamikaze,,28,Advanced,Kaizo,,,,
Kaos Islands,Kaos Islands,,42,Intermediate,Standard,,,,
Karma,Karma,,13,Expert,Kaizo,,,,
Karoshi Mario,Karoshi Mario,,35,Casual,Standard,,,,
KawaMarioWorld,KawaMarioWorld,,13,Expert,Kaizo,,,,
Kazue World,Kazue World,,12,Advanced,Kaizo,,,,
Kazue World 2,Kazue World 2,,15,Expert,Kaizo,,,,
Kekcroc DASH!,Kekcroc DASH!,,5,Advanced,Standard,,,,
Keratin Valley,Keratin Valley,,4,Grandmaster,Kaizo,,,,
Ketchup Adventure,Ketchup Adventure,,1,Casual,Standard,,,,
Kibeth Takes a Walk,Kibeth Takes a Walk,,11,Advanced,Kaizo,,,,
Kid Adventure,Kid Adventure,,6,Intermediate,Standard,,,,
Kid Adventure 2: Biza Strikes Back,Kid Adventure 2: Biza Strikes Back,,6,Casual,Standard,,,,
Kid Adventure 3: The Will of Sakito,Kid Adventure 3: The Will of Sakito,,32,Casual,Standard,,,,
Kid Adventure 4: Kid Xtreme,Kid Adventure 4: Kid Xtreme,,13,Intermediate,Standard,,,,
Kid Adventure 5: Amazing Kid,Kid Adventure 5: Amazing Kid,,11,Newcomer,Standard,,,,
Kill Luigi,Kill Luigi,,27,Expert,Kaizo,,,,
Kings Of Kuso,Kings Of Kuso,,25,Grandmaster,Kaizo,,,,
Kink's Awakening,Kink's Awakening,,10,Expert,Kaizo,,,,
Knuckles Saves Christmas,Knuckles Saves Christmas,,16,Advanced,Standard,,,,
Kogarashi Mario World,Kogarashi Mario World,,29,Expert,Kaizo,,,,
Konk World,Konk World,,9,Expert,Kaizo,,,,
Koopa Castle: The Escape,Koopa Castle: The Escape,,19,Casual,Standard,,,,
Koopa Hopper's Delight,Koopa Hopper's Delight,,13,Advanced,Kaizo,,,,
Korosu Mario World,Korosu Mario World,,17,Advanced,Kaizo,,,,
Korosu Mario World 2,Korosu Mario World 2,,21,Expert,Kaizo,,,,
KR World,KR World,,9,Advanced,Kaizo,,,,
Krabs Test,Krabs Test,,6,Expert,Kaizo,,,,
Krack The Hack,Krack The Hack,,14,Intermediate,Standard,,,,
Krack's Kafe: Because They Kicked Me Out!,Krack's Kafe: Because They Kicked Me Out!,,1,Advanced,Standard,,,,
Krefeld Kaizo Relay Race 2025,Krefeld Kaizo Relay Race 2025,,5,Expert,Kaizo,,,,
Kris' Adventure,Kris' Adventure,,6,Newcomer,Standard,,,,
Kruela Mario,Kruela Mario,,29,Expert,"Kaizo, Tool-Assisted",,,,
Kruela Mario 2,Kruela Mario 2,,29,Master,"Kaizo, Tool-Assisted",,,,
Kumikyoku,Kumikyoku,,4,Newcomer,Standard,,,,
Kuribo_Shoe the Adventure,Kuribo_Shoe the Adventure,,5,Casual,Standard,,,,
Kurisu Mario World,Kurisu Mario World,,16,Expert,Kaizo,,,,
Kuso Ecstasy,Kuso Ecstasy,,65,Expert,"Standard, Kaizo",,,,
Kuuwote's Level Pack #1,Kuuwote's Level Pack #1,,3,Newcomer,Standard,,,,
Kuuwote's Level Pack #2,Kuuwote's Level Pack #2,,13,Casual,Standard,,,,
Kuzo Heaven,Kuzo Heaven,,9,Advanced,Kaizo,,,,
L I M B O,L I M B O,,8,Master,Kaizo,,,,
L4good Island,L4good Island,,6,Newcomer,Standard,,,,
La Connaisseuse de Kaizo,La Connaisseuse de Kaizo,,9,Expert,Kaizo,,,,
La Mansion De Benja,La Mansion De Benja,,6,Expert,Kaizo,,,,
Labyrinth Of Shadows,Labyrinth Of Shadows,,5,Master,Kaizo,,,,
Lack Of Control,Lack Of Control,,1,Master,Kaizo,,,,
Lakitu's Great Adventure,Lakitu's Great Adventure,,24,Casual,Standard,,,,
Lakitu's Great Adventure 2,Lakitu's Great Adventure 2,,12,Intermediate,Standard,,,,
"Law & Order: Mushroom Kingdom Unit - Pilot Episode - Tragic Fox ""Tails"" (Director's Cut)","Law & Order: Mushroom Kingdom Unit - Pilot Episode - Tragic Fox ""Tails"" (Director's Cut)",,1,Casual,Standard,,,,
Le avventure di Mario 1,Le avventure di Mario 1,,91,Intermediate,Standard,,,,
Le Avventure di Mario 3,Le Avventure di Mario 3,,59,Intermediate,Standard,,,,
Le Connaisseur de Kaizo,Le Connaisseur de Kaizo,,8,Advanced,Kaizo,,,,
Le Gole World,Le Gole World,,6,Master,Kaizo,,,,
Le plume,Le plume,,12,Expert,Kaizo,,,,
Learn 2 Kaizo,Learn 2 Kaizo,,68,Advanced,Kaizo,,,,
Learn To Shell Jump,Learn To Shell Jump,,5,Intermediate,Kaizo,,,,
Learning to Fly,Learning to Fly,,64,Expert,Kaizo,,,,
"Legend of the Rift, Volume 1: Venus","Legend of the Rift, Volume 1: Venus",,16,Casual,Standard,,,,
Legends of Mario,Legends of Mario,,25,Advanced,Kaizo,,,,
Legends of the Hidden Thwimple,Legends of the Hidden Thwimple,,7,Expert,Kaizo,,,,
Lemmy's Wrath,Lemmy's Wrath,,47,Advanced,Standard,,,,
Lesbian Vampire Killer World 5000,Lesbian Vampire Killer World 5000,,7,Intermediate,Standard,,,,
Lessness World,Lessness World,,27,Expert,Kaizo,,,,
Lessness World 2,Lessness World 2,,34,Master,Kaizo,,,,
Let's A Go!,Let's A Go!,,34,Master,Kaizo,,,,
Let's Give Up,Let's Give Up,,8,Master,Kaizo,,,,
Level - 2023 Remaster,Level - 2023 Remaster,,1,Master,"Kaizo, Tool-Assisted",,,,
Levels,Levels,,15,Newcomer,Standard,,,,
Lewd Mario,Lewd Mario,,8,Advanced,Standard,,,,
Life Of Glitches,Life Of Glitches,,1,Advanced,"Kaizo, Tool-Assisted",,,,
Lightning Crashes,Lightning Crashes,,51,Casual,Standard,,,,
Lil Mallow World,Lil Mallow World,,4,Intermediate,Kaizo,,,,
Link's Adventure,Link's Adventure,,10,Newcomer,Standard,,,,
Linnaea,Linnaea,,15,Advanced,Kaizo,,,,
Liquid Metal,Liquid Metal,,9,Expert,Kaizo,,,,
Literally just a bonus room,Literally just a bonus room,,1,Master,"Tool-Assisted, Pit",,,,
Little Mario World,Little Mario World,,23,Advanced,Kaizo,,,,
Long Road to Ruin,Long Road to Ruin,,1,Grandmaster,Kaizo,,,,
Lord Pickle World,Lord Pickle World,,23,Expert,Kaizo,,,,
Lost and Found,Lost and Found,,16,Newcomer,Standard,,,,
Lost Dimension,Lost Dimension,,13,Newcomer,Standard,,,,
Lost in Puzzle Land,Lost in Puzzle Land,,9,Casual,Standard,,,,
Lost in the Forest,Lost in the Forest,,111,Intermediate,Standard,,,,
Lost In Yoshi Island Remix,Lost In Yoshi Island Remix,,5,Newcomer,Standard,,,,
Lost Mario Bros.,Lost Mario Bros.,,21,Casual,Standard,,,,
Lost On The Islands,Lost On The Islands,,3,Newcomer,Standard,,,,
Lost Paths,Lost Paths,,80,Advanced,Standard,,,,
Lost Places,Lost Places,,6,Expert,Kaizo,,,,
Lost Wayfarers- The Escapade back to Mushroom Kingdom,Lost Wayfarers- The Escapade back to Mushroom Kingdom,,47,Intermediate,Standard,,,,
Love Letter,Love Letter,,18,Intermediate,Kaizo,,,,
Love Yourself,Love Yourself,,17,Intermediate,Kaizo,,,,
Lucky,Lucky,,6,Advanced,Kaizo,,,,
Luigi and the Final Year,Luigi and the Final Year,,56,Intermediate,Standard,,,,
Luigi and the Happy Hillside,Luigi and the Happy Hillside,,5,Newcomer,Standard,,,,
Luigi and the Island of Mystery,Luigi and the Island of Mystery,,93,Casual,Standard,,,,
Luigi and the Mysterious Portals,Luigi and the Mysterious Portals,,10,Casual,Standard,,,,
Luigi in: The Rescue of Daisy,Luigi in: The Rescue of Daisy,,8,Newcomer,Standard,,,,
Luigi Kaizo King,Luigi Kaizo King,,13,Expert,Kaizo,,,,
Luigi lost in Telinc's World,Luigi lost in Telinc's World,,10,Newcomer,Standard,,,,
Luigi Stardust Adventure,Luigi Stardust Adventure,,65,Intermediate,Standard,,,,
Luigi's Adventure 3: Overseas Edition,Luigi's Adventure 3: Overseas Edition,,97,Expert,Standard,,,,
Luigi's Adventure 4: The Revival of Tortoise Empire,Luigi's Adventure 4: The Revival of Tortoise Empire,,30,Casual,Standard,,,,
Luigi's Adventure OSE,Luigi's Adventure OSE,,87,Advanced,Standard,,,,
Luigi's Adventure OSE - The Lost Levels,Luigi's Adventure OSE - The Lost Levels,,9,Master,Standard,,,,
Luigi's Decision,Luigi's Decision,,7,Casual,Standard,,,,
Luigi's First Adventure,Luigi's First Adventure,,6,Casual,Standard,,,,
Luigi's Heated Journey,Luigi's Heated Journey,,15,Newcomer,Standard,,,,
Luigi's Lost Levels,Luigi's Lost Levels,,4,Expert,Kaizo,,,,
Luigi's Lost Levels 2 - Back With A Revenge,Luigi's Lost Levels 2 - Back With A Revenge,,9,Expert,Kaizo,,,,
Luigi's Lost Levels 3 - Electrik Boogaloo,Luigi's Lost Levels 3 - Electrik Boogaloo,,8,Expert,Kaizo,,,,
Luigi's Misadventures - Tsux Namine's factor,Luigi's Misadventures - Tsux Namine's factor,,108,Casual,Standard,,,,
Luigi's Misadventures 2 - Leviathan's Mania,Luigi's Misadventures 2 - Leviathan's Mania,,103,Intermediate,Standard,,,,
Luigi's Misadventures 3 - Recipe for a disaster,Luigi's Misadventures 3 - Recipe for a disaster,,108,Intermediate,Standard,,,,
Luigi's Misadventures 4 - Galactic Kids Next Door,Luigi's Misadventures 4 - Galactic Kids Next Door,,105,Intermediate,Standard,,,,
Luigi's Misadventures 5 - Rougenia Merald's challenge,Luigi's Misadventures 5 - Rougenia Merald's challenge,,112,Intermediate,Standard,,,,
Luigi's Misadventures 6 - Bambulua,Luigi's Misadventures 6 - Bambulua,,103,Intermediate,Standard,,,,
Luigi's New Quest,Luigi's New Quest,,18,Intermediate,Standard,,,,
Luigi's Revenge!,Luigi's Revenge!,,7,Casual,Standard,,,,
Luigis Story,Luigis Story,,50,Casual,Standard,,,,
Luigi's Super Adventure - C3 Demo,Luigi's Super Adventure - C3 Demo,,12,Casual,Standard,,,,
Luigi's Superstar Search,Luigi's Superstar Search,,11,Newcomer,Standard,,,,
Luminescent,Luminescent,,16,Expert,Kaizo,,,,
Lunar Legends,Lunar Legends,,27,Casual,Standard,,,,
Lunar Legends: The Search,Lunar Legends: The Search,,4,Newcomer,Standard,,,,
Lunar Magic 1.0 Adventures,Lunar Magic 1.0 Adventures,,7,Casual,Standard,,,,
LunchBreak,LunchBreak,,10,Intermediate,Standard,,,,
Lurn 2 Shell,Lurn 2 Shell,,59,Advanced,Kaizo,,,,
Lydian Mario World,Lydian Mario World,,20,Master,Kaizo,,,,
Mad with Kaizo Power,Mad with Kaizo Power,,21,Expert,Kaizo,,,,
Made of Fantasy,Made of Fantasy,,16,Advanced,Kaizo,,,,
Magiopolis,Magiopolis,,70,Intermediate,Standard,,,,
Mahogen,Mahogen,,17,Advanced,Kaizo,,,,
mancorsa,mancorsa,,13,Advanced,Kaizo,,,,
Maple Island,Maple Island,,8,Newcomer,Standard,,,,
MARIO [SMWC #],MARIO,,7,Newcomer,Standard,,,,
Mario [SMWC #],Mario,,5,Newcomer,Standard,,,,
Mario - Crazy Adventures 1: Lost in Subcoony World,Mario - Crazy Adventures 1: Lost in Subcoony World,,8,Newcomer,Standard,,,,
Mario - The Currently Unnamed Hack,Mario - The Currently Unnamed Hack,,6,Intermediate,Standard,,,,
Mario - The Mystical Gem,Mario - The Mystical Gem,,35,Casual,Standard,,,,
Mario & Friends in: Volcanic Panic,Mario & Friends in: Volcanic Panic,,21,Casual,Standard,,,,
Mario & La Sphère de Toad 2,Mario & La Sphère de Toad 2,,26,Casual,Standard,,,,
Mario & Luigi - Mecha Koopa Mayhem,Mario & Luigi - Mecha Koopa Mayhem,,7,Casual,Standard,,,,
Mario & Luigi DOS Remake,Mario & Luigi DOS Remake,,6,Newcomer,Standard,,,,
Mario & Luigi: Adventures,Mario & Luigi: Adventures,,5,Newcomer,Standard,,,,
Mario & Luigi: Kola Kingdom Quest,Mario & Luigi: Kola Kingdom Quest,,86,Casual,Standard,,,,
Mario & Luigi: Power Blast,Mario & Luigi: Power Blast,,16,Intermediate,Standard,,,,
Mario & Luigi: Starlight Island Adventure,Mario & Luigi: Starlight Island Adventure,,44,Casual,Standard,,,,
Mario & Waluigi: In Search of Luigi,Mario & Waluigi: In Search of Luigi,,28,Casual,Standard,,,,
Mario and Friends in: The Ghost's Gallery,Mario and Friends in: The Ghost's Gallery,,1,Casual,Standard,,,,
Mario and Luigi Go to White Castle,Mario and Luigi Go to White Castle,,1,Advanced,Kaizo,,,,
Mario and Luigi in an Unknown Island [SMWC #],Mario and Luigi in an Unknown Island,,12,Casual,Standard,,,,
Mario and Luigi in an Unknown Island [SMWC #],Mario and Luigi in an Unknown Island,,33,Casual,Standard,,,,
Mario and Luigi in an Unknown Island [SMWC #],Mario and Luigi in an Unknown Island,,40,Intermediate,Standard,,,,
Mario and luigi MEGA Adventure 1,Mario and luigi MEGA Adventure 1,,6,Casual,Standard,,,,
Mario And Luigi: Super Berry World,Mario And Luigi: Super Berry World,,8,Casual,Standard,,,,
Mario and The 5 Golden Eggs,Mario and The 5 Golden Eggs,,6,Casual,Standard,,,,
Mario and the Cursed Coins,Mario and the Cursed Coins,,3,Casual,Standard,,,,
Mario And The Diamond Moon,Mario And The Diamond Moon,,8,Intermediate,Standard,,,,
Mario and the Forgotten Flower,Mario and the Forgotten Flower,,5,Casual,Standard,,,,
Mario And The Golden Star,Mario And The Golden Star,,7,Intermediate,Standard,,,,
Mario and the Haunted Forest 2: Kamek's Return,Mario and the Haunted Forest 2: Kamek's Return,,11,Newcomer,Standard,,,,
Mario and the Kaizo Trials,Mario and the Kaizo Trials,,18,Advanced,Kaizo,,,,
Mario and the Magic Switches,Mario and the Magic Switches,,8,Casual,Standard,,,,
Mario and the Mushroom of Power,Mario and the Mushroom of Power,,12,Casual,Standard,,,,
Mario and the Mysterious Robot,Mario and the Mysterious Robot,,10,Casual,Standard,,,,
Mario and the Parallel World,Mario and the Parallel World,,7,Casual,Standard,,,,
Mario and the Passage of Perils,Mario and the Passage of Perils,,4,Intermediate,Standard,,,,
Mario and the Pipe of Challenges,Mario and the Pipe of Challenges,,6,Newcomer,Standard,,,,
Mario and the Sphere of Toad - Reloaded,Mario and the Sphere of Toad - Reloaded,,7,Casual,Standard,,,,
Mario and the Stolen Yoshi-Egg,Mario and the Stolen Yoshi-Egg,,5,Intermediate,Standard,,,,
Mario and the Thwomp,Mario and the Thwomp,,3,Casual,Standard,,,,
Mario at the Kasranova Levels,Mario at the Kasranova Levels,,8,Casual,Standard,,,,
Mario at the Kasranova Levels 2: Imgelemden Hallice,Mario at the Kasranova Levels 2: Imgelemden Hallice,,32,Casual,Standard,,,,
Mario Bros Adventure Land,Mario Bros Adventure Land,,7,Casual,Standard,,,,
Mario Brother World,Mario Brother World,,17,Casual,Standard,,,,
Mario Brother World 2,Mario Brother World 2,,6,Newcomer,Standard,,,,
Mario Brothers Adventures,Mario Brothers Adventures,,60,Newcomer,Standard,,,,
Mario Curse Hunter,Mario Curse Hunter,,11,Intermediate,Standard,,,,
Mario Destroys the World,Mario Destroys the World,,3,Advanced,Kaizo,,,,
MARIO EN BUSCA DE LA MASTER EMERALD (DEMO WORLD 2),MARIO EN BUSCA DE LA MASTER EMERALD (DEMO WORLD 2),,12,Casual,Standard,,,,
Mario Explores the Sewers,Mario Explores the Sewers,,7,Intermediate,Standard,,,,
Mario Frenzy,Mario Frenzy,,16,Intermediate,Standard,,,,
Mario Gives Up,Mario Gives Up,,86,Intermediate,Standard,,,,
Mario Gives Up 2,Mario Gives Up 2,,95,Intermediate,Standard,,,,
Mario Gives Up 3,Mario Gives Up 3,,95,Intermediate,Standard,,,,
Mario goes on an adventure for apparently no reason,Mario goes on an adventure for apparently no reason,,18,Casual,Standard,,,,
Mario goes to a castle to pay his taxes,Mario goes to a castle to pay his taxes,,5,Casual,Standard,,,,
Mario Goes to Brazil,Mario Goes to Brazil,,11,Advanced,Standard,,,,
Mario goes to the Adventure Park,Mario goes to the Adventure Park,,5,Casual,Standard,,,,
Mario Goes To The Store,Mario Goes To The Store,,56,Intermediate,Standard,,,,
Mario goes to Wendy's,Mario goes to Wendy's,,13,Casual,Standard,,,,
Mario Got Bored,Mario Got Bored,,10,Newcomer,Standard,,,,
Mario in a Mysterious World,Mario in a Mysterious World,,6,Casual,Standard,,,,
Mario in a Strange Adventure,Mario in a Strange Adventure,,5,Casual,Standard,,,,
Mario in Another Land,Mario in Another Land,,7,Newcomer,Standard,,,,
Mario In Dragon Land,Mario In Dragon Land,,6,Newcomer,Standard,,,,
Mario in Leprechaun Island,Mario in Leprechaun Island,,9,Intermediate,Standard,,,,
Mario In Lucid Dream,Mario In Lucid Dream,,20,Master,"Kaizo, Tool-Assisted",,,,
Mario In Midgard,Mario In Midgard,,85,Intermediate,Standard,,,,
Mario In Mushroom Rix Land,Mario In Mushroom Rix Land,,32,Advanced,Standard,,,,
Mario In Mushroom Rix Land 2 Gimmicky Island,Mario In Mushroom Rix Land 2 Gimmicky Island,,13,Intermediate,Standard,,,,
Mario In Mushroom Rix Land 3 Master Thwomps Avenge,Mario In Mushroom Rix Land 3 Master Thwomps Avenge,,42,Advanced,Standard,,,,
Mario In Mushroom Rix Land 4 Trip To Nano Island,Mario In Mushroom Rix Land 4 Trip To Nano Island,,50,Advanced,Standard,,,,
Mario In Mushroom Rix Land 5,Mario In Mushroom Rix Land 5,,4,Intermediate,Standard,,,,
Mario in Neb's Land,Mario in Neb's Land,,5,Advanced,Standard,,,,
Mario in Search of the Rest,Mario in Search of the Rest,,11,Casual,Standard,,,,
Mario In The World Of Matik,Mario In The World Of Matik,,26,Casual,Standard,,,,
Mario in the Yoshis' Heartland,Mario in the Yoshis' Heartland,,8,Casual,Standard,,,,
Mario in Whatever Land,Mario in Whatever Land,,8,Intermediate,Standard,,,,
Mario into Megaman,Mario into Megaman,,96,Casual,Standard,,,,
Mario is looking for the Golden Pizzaland,Mario is looking for the Golden Pizzaland,,52,Casual,Standard,,,,
Mario Is Missing 3: Mario's Wreck,Mario Is Missing 3: Mario's Wreck,,3,Newcomer,Standard,,,,
Mario is Missing! Done Right,Mario is Missing! Done Right,,90,Casual,Standard,,,,
Mario is Missing... again,Mario is Missing... again,,13,Newcomer,Standard,,,,
Mario is Screwed,Mario is Screwed,,9,Advanced,"Kaizo, Tool-Assisted",,,,
Mario is Sick!,Mario is Sick!,,4,Newcomer,Standard,,,,
Mario is Stupid,Mario is Stupid,,12,Grandmaster,Kaizo,,,,
Mario is too casual,Mario is too casual,,18,Expert,Kaizo,,,,
Mario Keymanship,Mario Keymanship,,6,Master,Kaizo,,,,
Mario Kick World,Mario Kick World,,4,Expert,Kaizo,,,,
Mario Left the Garage Door Open Again,Mario Left the Garage Door Open Again,,20,Expert,Kaizo,,,,
Mario Lost in the Fruit Cave,Mario Lost in the Fruit Cave,,11,Casual,Standard,,,,
Mario Mania [SMWC #],Mario Mania,,10,Expert,Kaizo,,,,
Mario Mania [SMWC #],Mario Mania,,15,Intermediate,Standard,,,,
Mario Mario Mario,Mario Mario Mario,,8,Intermediate,Standard,,,,
Mario Mario vs the Crab Army,Mario Mario vs the Crab Army,,10,Master,Kaizo,,,,
Mario Mario's Superior Platforming Physics Challenge,Mario Mario's Superior Platforming Physics Challenge,,4,Advanced,Kaizo,,,,
Mario Memorandum,Mario Memorandum,,15,Grandmaster,Kaizo,,,,
Mario Memorandum: New Game Plus,Mario Memorandum: New Game Plus,,15,Expert,Kaizo,,,,
Mario Mission,Mario Mission,,7,Advanced,Kaizo,,,,
Mario Must Die (SMWC version),Mario Must Die (SMWC version),,9,Advanced,"Kaizo, Tool-Assisted",,,,
Mario Must Die 2,Mario Must Die 2,,9,Expert,"Kaizo, Tool-Assisted",,,,
Mario No Kumorizora,Mario No Kumorizora,,18,Master,Kaizo,,,,
Mario OC,Mario OC,,2,Intermediate,"Kaizo, Tool-Assisted",,,,
Mario on Ice,Mario on Ice,,6,Casual,Standard,,,,
Mario on the Moon,Mario on the Moon,,2,Advanced,Kaizo,,,,
Mario Quits,Mario Quits,,17,Expert,Kaizo,,,,
Mario Quits 2,Mario Quits 2,,16,Expert,Kaizo,,,,
Mario Rescues 4th Of July,Mario Rescues 4th Of July,,9,Newcomer,Standard,,,,
Mario Rescues Santa Claus,Mario Rescues Santa Claus,,33,Intermediate,Standard,,,,
Mario Rescues the Golden Mushroom,Mario Rescues the Golden Mushroom,,42,Casual,Standard,,,,
Mario Returns To Yoshi's Island,Mario Returns To Yoshi's Island,,12,Newcomer,Standard,,,,
Mario Saves Christmas,Mario Saves Christmas,,13,Casual,Standard,,,,
Mario Saves Christmas 2021,Mario Saves Christmas 2021,,10,Intermediate,Standard,,,,
Mario Saves Easter 2023,Mario Saves Easter 2023,,17,Casual,Standard,,,,
Mario Saves Fermin's Birthday,Mario Saves Fermin's Birthday,,9,Casual,Standard,,,,
Mario Saves Peach Once Again,Mario Saves Peach Once Again,,16,Casual,Standard,,,,
Mario Saves Princess Peach,Mario Saves Princess Peach,,10,Casual,Standard,,,,
Mario Saves Princess Toadstool 2,Mario Saves Princess Toadstool 2,,9,Casual,Standard,,,,
Mario Saves Spring Break,Mario Saves Spring Break,,9,Casual,Standard,,,,
Mario Saves Spring Break 2,Mario Saves Spring Break 2,,9,Casual,Standard,,,,
Mario Saves Summer Break 2024,Mario Saves Summer Break 2024,,14,Intermediate,Standard,,,,
Mario Silver Land Ep I,Mario Silver Land Ep I,,7,Casual,Standard,,,,
Mario story : Return to sweet n' sour land,Mario story : Return to sweet n' sour land,,21,Intermediate,Kaizo,,,,
Mario Super R,Mario Super R,,8,Advanced,Kaizo,,,,
Mario the Archaeologist,Mario the Archaeologist,,17,Newcomer,Standard,,,,
Mario to the Rescue,Mario to the Rescue,,7,Casual,Standard,,,,
Mario travels around the World,Mario travels around the World,,7,Casual,Standard,,,,
Mario vs Sonic.exe 2,Mario vs Sonic.exe 2,,21,Casual,Standard,,,,
Mario VS The Police 2,Mario VS The Police 2,,34,Intermediate,Standard,,,,
Mario Vs. Big Boo,Mario Vs. Big Boo,,6,Newcomer,Standard,,,,
Mario vs. Bowser and Mighty No. 9,Mario vs. Bowser and Mighty No. 9,,80,Casual,Standard,,,,
Mario vs. Shyguy,Mario vs. Shyguy,,35,Casual,Standard,,,,
Mario vs. SONIC.EXE,Mario vs. SONIC.EXE,,18,Intermediate,Standard,,,,
Mario Vs. The Deadly Alliance,Mario Vs. The Deadly Alliance,,60,Advanced,Standard,,,,
Mario vs. the Magnificent 7,Mario vs. the Magnificent 7,,3,Casual,Standard,,,,
Mario Wakes Up... Expanded!,Mario Wakes Up... Expanded!,,2,Casual,Standard,,,,
Mario Wants His Lemonade,Mario Wants His Lemonade,,9,Newcomer,Standard,,,,
Mario World Super Yuri's Hack,Mario World Super Yuri's Hack,,16,Casual,Standard,,,,
Mario World The Mario Adventure,Mario World The Mario Adventure,,10,Casual,Standard,,,,
Mario! A New Era,Mario! A New Era,,5,Newcomer,Standard,,,,
"Mario, Luigi and the 7 Eggs of Peace","Mario, Luigi and the 7 Eggs of Peace",,53,Intermediate,Standard,,,,
Mario: Apocalypse Dawn,Mario: Apocalypse Dawn,,5,Casual,Standard,,,,
Mario: Collapsing Worlds,Mario: Collapsing Worlds,,4,Casual,Standard,,,,
Mario: Dawn to Darkness,Mario: Dawn to Darkness,,23,Newcomer,Standard,,,,
Mario: Other M,Mario: Other M,,8,Casual,Standard,,,,
Mario: The Curse of King Boo,Mario: The Curse of King Boo,,35,Intermediate,Kaizo,,,,
Mario41001's Unknown Hack,Mario41001's Unknown Hack,,4,Casual,Standard,,,,
Mario's 100s Challenge,Mario's 100s Challenge,,88,Advanced,Standard,,,,
Mario's 2 Ways 2 Victory,Mario's 2 Ways 2 Victory,,85,Intermediate,Standard,,,,
Mario's Adventure,Mario's Adventure,,8,Newcomer,Standard,,,,
Marios Adventure in the Dream World,Marios Adventure in the Dream World,,21,Casual,Standard,,,,
Mario's Adventure in Yoshi's Island,Mario's Adventure in Yoshi's Island,,5,Casual,Standard,,,,
Mario's Adventure on the Southern Continent,Mario's Adventure on the Southern Continent,,15,Intermediate,Standard,,,,
Mario's Amazing Adventure Revitalized,Mario's Amazing Adventure Revitalized,,105,Casual,Standard,,,,
Mario's Amazing Adventure: Extrem Edition,Mario's Amazing Adventure: Extrem Edition,,15,Advanced,Standard,,,,
Mario's Ascetic Adventure,Mario's Ascetic Adventure,,4,Expert,"Kaizo, Tool-Assisted",,,,
Mario's Awesome Journey,Mario's Awesome Journey,,11,Intermediate,Standard,,,,
Mario's Bathroom Adventure,Mario's Bathroom Adventure,,13,Casual,Standard,,,,
Mario's Bizarre Adventure,Mario's Bizarre Adventure,,1,Expert,Kaizo,,,,
Mario's Bizarre Adventure DLC,Mario's Bizarre Adventure DLC,,1,Master,Kaizo,,,,
Marios Christmas Adventure,Marios Christmas Adventure,,5,Intermediate,Kaizo,,,,
Marios Christmas Adventure 2,Marios Christmas Adventure 2,,5,Intermediate,Kaizo,,,,
Mario's Cookie Catastrophe,Mario's Cookie Catastrophe,,20,Casual,Standard,,,,
Mario's Cool Mission,Mario's Cool Mission,,6,Newcomer,Standard,,,,
Mario's Day Off,Mario's Day Off,,19,Casual,Standard,,,,
Mario's Double Trouble,Mario's Double Trouble,,74,Intermediate,Standard,,,,
Mario's Dying Simulator,Mario's Dying Simulator,,15,Advanced,"Kaizo, Tool-Assisted",,,,
Mario's Endless Adventure 2: Escape From Koopatraz Prison,Mario's Endless Adventure 2: Escape From Koopatraz Prison,,1,Intermediate,Standard,,,,
Mario's Enigmatic Tales 1: The Betrayal,Mario's Enigmatic Tales 1: The Betrayal,,87,Casual,Standard,,,,
Mario's Epic Adventure [SMWC #],Mario's Epic Adventure,,21,Casual,Standard,,,,
Mario's Epic Adventure [SMWC #],Mario's Epic Adventure,,17,Advanced,Standard,,,,
Mario's Evil Level,Mario's Evil Level,,5,Intermediate,"Kaizo, Tool-Assisted",,,,
Mario's Exodus To Death,Mario's Exodus To Death,,7,Casual,Standard,,,,
Mario's Final Quest,Mario's Final Quest,,8,Casual,Standard,,,,
Mario's First Adventure,Mario's First Adventure,,8,Advanced,Standard,,,,
Mario's Grand Adventure,Mario's Grand Adventure,,40,Casual,Standard,,,,
Mario's Grand Adventure 2: Mario's World Tour,Mario's Grand Adventure 2: Mario's World Tour,,21,Casual,Standard,,,,
Mario's Grand Adventure: Delta Island,Mario's Grand Adventure: Delta Island,,7,Casual,Standard,,,,
Mario's Grand Adventure: Omega Jungle,Mario's Grand Adventure: Omega Jungle,,6,Newcomer,Standard,,,,
Mario's Homeland,Mario's Homeland,,5,Newcomer,Standard,,,,
Mario's Island Exploration,Mario's Island Exploration,,17,Intermediate,Standard,,,,
Mario's Journey Through Time & Space,Mario's Journey Through Time & Space,,34,Casual,Standard,,,,
Mario's Keytastrophe,Mario's Keytastrophe,,51,Casual,"Standard, Puzzle",,,,
Mario's Keytastrophe: Rebirth Edition,Mario's Keytastrophe: Rebirth Edition,,37,Casual,"Standard, Puzzle",,,,
Mario's Last Adventure,Mario's Last Adventure,,20,Intermediate,Standard,,,,
Mario's Long Traveling,Mario's Long Traveling,,7,Casual,Standard,,,,
Mario's Lost World,Mario's Lost World,,27,Intermediate,Standard,,,,
Mario's Low-Budget Adventure,Mario's Low-Budget Adventure,,50,Intermediate,Standard,,,,
Mario's Mad Adventure,Mario's Mad Adventure,,25,Intermediate,Standard,,,,
Mario's Misadventures 2: The Black Hole Bomb,Mario's Misadventures 2: The Black Hole Bomb,,98,Casual,Standard,,,,
Mario's Misadventures: The Secret of The 11 Gems,Mario's Misadventures: The Secret of The 11 Gems,,98,Casual,Standard,,,,
Mario's Mission,Mario's Mission,,49,Intermediate,Standard,,,,
Mario's Mistake,Mario's Mistake,,7,Advanced,"Kaizo, Tool-Assisted",,,,
Mario's Mystery Meat,Mario's Mystery Meat,,1,Advanced,Standard,,,,
Mario's Mystical Garden,Mario's Mystical Garden,,10,Casual,Standard,,,,
Mario's New World,Mario's New World,,5,Casual,Standard,,,,
Mario's New Year Mini Quest,Mario's New Year Mini Quest,,10,Intermediate,Standard,,,,
Mario's Next Adventure,Mario's Next Adventure,,11,Newcomer,Standard,,,,
Mario's Nightmare: Episode 1,Mario's Nightmare: Episode 1,,7,Casual,Standard,,,,
Mario's NOSE,Mario's NOSE,,4,Intermediate,Standard,,,,
Mario's on a New Adventure!,Mario's on a New Adventure!,,21,Intermediate,Standard,,,,
Mario's Peregrination-Kingdom Elementum Phantasia,Mario's Peregrination-Kingdom Elementum Phantasia,,48,Casual,Standard,,,,
Marios Pizza Party,Marios Pizza Party,,10,Intermediate,Kaizo,,,,
Marios Pizza Party 2,Marios Pizza Party 2,,16,Intermediate,Kaizo,,,,
Marios Pizza Party 3,Marios Pizza Party 3,,13,Intermediate,Kaizo,,,,
Mario's Pride Mini Quest,Mario's Pride Mini Quest,,17,Intermediate,Standard,,,,
Mario's Quest For The Water,Mario's Quest For The Water,,28,Intermediate,Standard,,,,
Mario's Quest: The Legend of Darmi,Mario's Quest: The Legend of Darmi,,7,Intermediate,Standard,,,,
Mario's Redemption Quest,Mario's Redemption Quest,,12,Expert,Kaizo,,,,
Mario's Redrawn Adventure,Mario's Redrawn Adventure,,17,Casual,Standard,,,,
Mario's Return,Mario's Return,,87,Casual,Standard,,,,
Mario's Return Again,Mario's Return Again,,88,Intermediate,Standard,,,,
Mario's Ruined Seclusion,Mario's Ruined Seclusion,,31,Casual,Standard,,,,
Mario's Search for the 8 Jewels,Mario's Search for the 8 Jewels,,96,Casual,Standard,,,,
Mario's Search for the 8 Jewels 2,Mario's Search for the 8 Jewels 2,,59,Casual,Standard,,,,
Mario's Search for the Shrine of Eternal Ice,Mario's Search for the Shrine of Eternal Ice,,1,Casual,Standard,,,,
Mario's Search for the Stolen Stars,Mario's Search for the Stolen Stars,,14,Casual,Standard,,,,
Mario's Simple Way,Mario's Simple Way,,10,Intermediate,Standard,,,,
Marios story,Marios story,,22,Casual,Standard,,,,
Mario's Strange Quest,Mario's Strange Quest,,79,Intermediate,Standard,,,,
Mario's Super Galactic Illusion Space Time,Mario's Super Galactic Illusion Space Time,,9,Casual,Standard,,,,
Mario's Supper World,Mario's Supper World,,6,Casual,Standard,,,,
Mario's Sweet Adventure,Mario's Sweet Adventure,,7,Casual,Standard,,,,
Mario's Sweet Adventure 2,Mario's Sweet Adventure 2,,5,Casual,Standard,,,,
Mario's Sweet Adventure 3 - A New Quest,Mario's Sweet Adventure 3 - A New Quest,,66,Intermediate,Standard,,,,
Mario's Time Quest,Mario's Time Quest,,10,Newcomer,Standard,,,,
Mario's Timely Adventure,Mario's Timely Adventure,,7,Newcomer,Standard,,,,
Mario's Training,Mario's Training,,4,Advanced,Kaizo,,,,
Mario's Treasure Hunt,Mario's Treasure Hunt,,64,Casual,Standard,,,,
Mario's Treasure Hunt 2,Mario's Treasure Hunt 2,,75,Casual,Standard,,,,
Mario's Ultimate Journey,Mario's Ultimate Journey,,9,Casual,Standard,,,,
Mario's Vanilla Journey,Mario's Vanilla Journey,,24,Casual,Standard,,,,
Mario's Walk Home: Extended Collector's Edition,Mario's Walk Home: Extended Collector's Edition,,15,Newcomer,Standard,,,,
Mario's Way to be a Legend,Mario's Way to be a Legend,,5,Expert,Kaizo,,,,
MarioX World SER,MarioX World SER,,80,Advanced,Standard,,,,
Marisa And Reimu VS C3,Marisa And Reimu VS C3,,6,Advanced,Standard,,,,
Marisa And Reimu's Hack,Marisa And Reimu's Hack,,8,Advanced,Standard,,,,
Marisa And Reimu's Hack 2,Marisa And Reimu's Hack 2,,8,Expert,Kaizo,,,,
Marisa And Reimu's Switch Hunt,Marisa And Reimu's Switch Hunt,,5,Advanced,Standard,,,,
Marisa's Dimensional Adventure Demo 2,Marisa's Dimensional Adventure Demo 2,,35,Casual,Standard,,,,
MaSeHiHa - Mario's Search For His Hat,MaSeHiHa - Mario's Search For His Hat,,7,Casual,Standard,,,,
Master of Shell,Master of Shell,,16,Master,Kaizo,,,,
Masterpiece,Masterpiece,,62,Master,Kaizo,,,,
Mastery Shells,Mastery Shells,,15,Expert,Kaizo,,,,
Mastery Shells 2,Mastery Shells 2,,15,Master,Kaizo,,,,
Maxodex's World: The Ancestor's Treasure,Maxodex's World: The Ancestor's Treasure,,46,Casual,Standard,,,,
Mecha-Bowser's Revenge,Mecha-Bowser's Revenge,,16,Casual,Standard,,,,
Med's World - A Stick's Birthday,Med's World - A Stick's Birthday,,6,Intermediate,Standard,,,,
Meet The Balkans (Demo),Meet The Balkans (Demo),,11,Intermediate,Standard,,,,
Mega Man's Trip to an Unknown World,Mega Man's Trip to an Unknown World,,6,Newcomer,Standard,,,,
Mega Mario Bros. 2,Mega Mario Bros. 2,,15,Casual,Standard,,,,
Mega Mario World 2: Awakened Power,Mega Mario World 2: Awakened Power,,77,Intermediate,Standard,,,,
Mega Mario World: Another Universe,Mega Mario World: Another Universe,,59,Casual,Standard,,,,
Mega Rex Adventure [SMWC #],Mega Rex Adventure,,8,Newcomer,Standard,,,,
Mega Rex Adventure [SMWC #],Mega Rex Adventure,,27,Casual,Standard,,,,
Mega Rex Island,Mega Rex Island,,6,Newcomer,Standard,,,,
Megaman Reborn,Megaman Reborn,,1,Intermediate,Standard,,,,
MEME 😂👌💯,MEME 😂👌💯,,17,Advanced,Kaizo,,,,
Memento Mori,Memento Mori,,19,Expert,Kaizo,,,,
Memorabilia,Memorabilia,,10,Master,Kaizo,,,,
Memory Lane,Memory Lane,,7,Advanced,Kaizo,,,,
Mercenaries,Mercenaries,,0,Casual,Standard,,,,
MFC,MFC,,25,Advanced,Kaizo,,,,
Midair Mastery,Midair Mastery,,7,Grandmaster,Kaizo,,,,
Midday,Midday,,26,Expert,Kaizo,,,,
Midnight Lightning,Midnight Lightning,,12,Master,Kaizo,,,,
Miku's Spike Hell,Miku's Spike Hell,,0,Advanced,Kaizo,,,,
MINERVA,MINERVA,,12,Master,"Kaizo, Puzzle",,,,
Mini Challenge Medley (Wave 1),Mini Challenge Medley (Wave 1),,8,Casual,Standard,,,,
Mini Kaizo,Mini Kaizo,,4,Intermediate,Kaizo,,,,
minidumb,minidumb,,13,Advanced,Standard,,,,
Mint Chocolate,Mint Chocolate,,6,Advanced,Standard,,,,
MintGreenYoshi's Challenge,MintGreenYoshi's Challenge,,1,Advanced,"Tool-Assisted, Pit",,,,
Mirthful Mario-Escapade through Stellatus Shire,Mirthful Mario-Escapade through Stellatus Shire,,13,Casual,Standard,,,,
Mischievous Mouser,Mischievous Mouser,,18,Advanced,Kaizo,,,,
Mistakes Were Made,Mistakes Were Made,,10,Master,Kaizo,,,,
Misty Out There,Misty Out There,,15,Advanced,Kaizo,,,,
MK Ultra,MK Ultra,,3,Master,Kaizo,,,,
mod cape: a precision cape level,mod cape: a precision cape level,,1,Grandmaster,Kaizo,,,,
Momoku Mario World,Momoku Mario World,,5,Intermediate,"Standard, Kaizo",,,,
Monty Mole Island,Monty Mole Island,,6,Casual,Standard,,,,
Monty Mole Island 2 - Redrawn Island,Monty Mole Island 2 - Redrawn Island,,12,Casual,Standard,,,,
Monty Mole Island 3 - Boom Boom's World,Monty Mole Island 3 - Boom Boom's World,,10,Casual,Standard,,,,
Monty Mole Island 4 - Gamma Archipelago,Monty Mole Island 4 - Gamma Archipelago,,11,Casual,Standard,,,,
MOON,MOON,,20,Master,Kaizo,,,,
Moon Finder,Moon Finder,,40,Casual,"Standard, Puzzle",,,,
Morton's Empire,Morton's Empire,,43,Advanced,Standard,,,,
Morton's Tyranny,Morton's Tyranny,,8,Newcomer,Standard,,,,
Mostly Harmless,Mostly Harmless,,17,Master,Kaizo,,,,
Motor Shells,Motor Shells,,8,Expert,Kaizo,,,,
MrUg's Mini Level Pack,MrUg's Mini Level Pack,,4,Casual,Standard,,,,
Much Ado About Eggs,Much Ado About Eggs,,8,Casual,Standard,,,,
Mura World,Mura World,,6,Advanced,Kaizo,,,,
Mura World 2,Mura World 2,,11,Expert,Kaizo,,,,
Mushroom Kingdom - Under Crimson Skies,Mushroom Kingdom - Under Crimson Skies,,25,Intermediate,Standard,,,,
Mushroom Kingdom Invasion,Mushroom Kingdom Invasion,,7,Casual,Standard,,,,
Mushroom Kingdom Meltdown,Mushroom Kingdom Meltdown,,66,Intermediate,Standard,,,,
Mushroom Kingdom Meltdown 2,Mushroom Kingdom Meltdown 2,,89,Intermediate,Standard,,,,
Mushroom Onion Pizza,Mushroom Onion Pizza,,17,Expert,Kaizo,,,,
Mute's Christmas Quest,Mute's Christmas Quest,,3,Casual,Standard,,,,
My Contest Entries Collection,My Contest Entries Collection,,16,Expert,"Standard, Kaizo, Puzzle",,,,
My Favorite Things,My Favorite Things,,8,Master,Kaizo,,,,
My Hack,My Hack,,69,Grandmaster,Kaizo,,,,
My Level 4 Emero,My Level 4 Emero,,1,Casual,Standard,,,,
My little Puzzles - The Road to Wisdom,My little Puzzles - The Road to Wisdom,,38,Intermediate,"Standard, Kaizo, Puzzle, Tool-Assisted",,,,
My little Puzzles 2 - The Continents of Knowledge,My little Puzzles 2 - The Continents of Knowledge,,57,Advanced,"Standard, Kaizo, Puzzle, Tool-Assisted",,,,
My little Puzzles 3 - The Key to Eternity,My little Puzzles 3 - The Key to Eternity,,64,Advanced,"Standard, Kaizo, Puzzle, Tool-Assisted",,,,
My love is all wrong,My love is all wrong,,10,Advanced,Kaizo,,,,
My Name is Goal,My Name is Goal,,24,Advanced,Standard,,,,
My New Favorite Hack,My New Favorite Hack,,17,Expert,Kaizo,,,,
Mycelium,Mycelium,,13,Advanced,Kaizo,,,,
Mystery of the Seven Orbs,Mystery of the Seven Orbs,,25,Casual,Standard,,,,
Mystical Island,Mystical Island,,4,Newcomer,Standard,,,,
Myth of Mana,Myth of Mana,,1,Expert,"Standard, Kaizo",,,,
Nabbit Steals Christmas,Nabbit Steals Christmas,,8,Casual,Standard,,,,
Nachos and Fried Oreos,Nachos and Fried Oreos,,15,Advanced,Standard,,,,
Nador Quest,Nador Quest,,15,Casual,Standard,,,,
Nakama,Nakama,,34,Expert,Kaizo,,,,
Nameless Kaizo World,Nameless Kaizo World,,6,Expert,Kaizo,,,,
Nameless Kaizo World (Light),Nameless Kaizo World (Light),,5,Intermediate,Kaizo,,,,
Nameless Shells,Nameless Shells,,1,Advanced,Kaizo,,,,
Natsukashii Mario World,Natsukashii Mario World,,7,Expert,Kaizo,,,,
Naughtyworld,Naughtyworld,,116,Expert,Standard,,,,
Nebula,Nebula,,12,Expert,Kaizo,,,,
Neighborhood of Make-Believe,Neighborhood of Make-Believe,,16,Intermediate,Kaizo,,,,
Neko Nightmare,Neko Nightmare,,8,Casual,Standard,,,,
Nemesis,Nemesis,,16,Expert,Kaizo,,,,
Nerdina's World,Nerdina's World,,6,Newcomer,Standard,,,,
New Easter World,New Easter World,,8,Casual,Standard,,,,
New Mario's Adventure,New Mario's Adventure,,94,Advanced,Standard,,,,
NEW Nightmare cafe,NEW Nightmare cafe,,1,Advanced,Kaizo,,,,
NEW Nightmare cafe 2,NEW Nightmare cafe 2,,2,Advanced,Kaizo,,,,
NEW Nightmare cafe 3,NEW Nightmare cafe 3,,2,Advanced,Kaizo,,,,
NEW Nightmare cafe 4,NEW Nightmare cafe 4,,2,Advanced,Kaizo,,,,
NEW Nightmare cafe 5,NEW Nightmare cafe 5,,3,Advanced,Kaizo,,,,
New Retro Mario Bros.,New Retro Mario Bros.,,32,Casual,Standard,,,,
New Schlitterbahn Yoshi World 1,New Schlitterbahn Yoshi World 1,,9,Intermediate,Standard,,,,
New Sonic Generations,New Sonic Generations,,14,Expert,Kaizo,,,,
New Super Kaizo Bros.,New Super Kaizo Bros.,,24,Expert,Kaizo,,,,
New Super Mario Bros.,New Super Mario Bros.,,9,Newcomer,Standard,,,,
New Super Mario Bros. SNES,New Super Mario Bros. SNES,,21,Casual,Standard,,,,
New Super Mario Bros: The Lost Levels,New Super Mario Bros: The Lost Levels,,6,Newcomer,Standard,,,,
New Super Mario Illusion,New Super Mario Illusion,,17,Newcomer,Standard,,,,
New Super Mario Land,New Super Mario Land,,11,Intermediate,Standard,,,,
New Super Mario Pants World,New Super Mario Pants World,,11,Expert,Kaizo,,,,
New Super Mario World 1: The Twelve Magic Orbs,New Super Mario World 1: The Twelve Magic Orbs,,112,Intermediate,Standard,,,,
New Super Mario World 1: The Twelve Magic Orbs Powered-Up,New Super Mario World 1: The Twelve Magic Orbs Powered-Up,,112,Intermediate,Standard,,,,
New Super Mario World 2: Around The World,New Super Mario World 2: Around The World,,119,Advanced,Standard,,,,
New Super Mario World 2: Luigi's Quest,New Super Mario World 2: Luigi's Quest,,100,Casual,Standard,,,,
New Super Mario World Edition 2023,New Super Mario World Edition 2023,,15,Casual,Standard,,,,
New Super Mario World: The Seven Crystals of Peace,New Super Mario World: The Seven Crystals of Peace,,17,Casual,Standard,,,,
New Territory,New Territory,,8,Casual,Standard,,,,
NEW! Super Mario Land returns,NEW! Super Mario Land returns,,11,Intermediate,Standard,,,,
new.sfc,new.sfc,,1,Intermediate,Standard,,,,
Newbie Kaizo World,Newbie Kaizo World,,11,Advanced,Kaizo,,,,
Nextl - Summer Special Demo,Nextl - Summer Special Demo,,7,Casual,Standard,,,,
Nextl: Christmas Chronicles - Demo,Nextl: Christmas Chronicles - Demo,,6,Casual,Standard,,,,
NH World,NH World,,6,Intermediate,Kaizo,,,,
NH World 2,NH World 2,,10,Expert,Kaizo,,,,
Nightmare cafe,Nightmare cafe,,0,Intermediate,Kaizo,,,,
Nightmare cafe - Ninji's Adventure,Nightmare cafe - Ninji's Adventure,,1,Advanced,Kaizo,,,,
Nightmare cafe II,Nightmare cafe II,,0,Intermediate,Kaizo,,,,
Nightmare cafe III,Nightmare cafe III,,0,Intermediate,Kaizo,,,,
Nightmare cafe IV,Nightmare cafe IV,,0,Intermediate,Kaizo,,,,
Nightmare cafe IX,Nightmare cafe IX,,0,Intermediate,Kaizo,,,,
Nightmare cafe origins,Nightmare cafe origins,,1,Advanced,Kaizo,,,,
Nightmare cafe seasons,Nightmare cafe seasons,,1,Advanced,Kaizo,,,,
Nightmare cafe V,Nightmare cafe V,,0,Intermediate,Kaizo,,,,
Nightmare cafe VI,Nightmare cafe VI,,0,Intermediate,Kaizo,,,,
Nightmare cafe VII,Nightmare cafe VII,,0,Intermediate,Kaizo,,,,
Nightmare cafe VIII,Nightmare cafe VIII,,0,Intermediate,Kaizo,,,,
Nightmare cafe X,Nightmare cafe X,,0,Intermediate,Kaizo,,,,
Nightmares,Nightmares,,16,Expert,Kaizo,,,,
Ninja World,Ninja World,,16,Advanced,Kaizo,,,,
Ninja World 2,Ninja World 2,,20,Expert,Kaizo,,,,
Ninja World 3,Ninja World 3,,12,Expert,Kaizo,,,,
Ninji Burst!,Ninji Burst!,,14,Advanced,Standard,,,,
Ninji Story + Mario mode,Ninji Story + Mario mode,,27,Intermediate,Kaizo,,,,
Ninji Story 2,Ninji Story 2,,19,Expert,Kaizo,,,,
Ninpp World,Ninpp World,,20,Expert,Kaizo,,,,
Nintense,Nintense,,17,Expert,Kaizo,,,,
Nissay's beginning,Nissay's beginning,,1,Advanced,Kaizo,,,,
No Biggie World,No Biggie World,,12,Expert,Kaizo,,,,
no name,no name,,9,Advanced,"Standard, Kaizo",,,,
No Villains,No Villains,,4,Master,"Kaizo, Puzzle, Tool-Assisted",,,,
Nobody Asked For This,Nobody Asked For This,,5,Expert,Kaizo,,,,
Noise's Fault,Noise's Fault,,1,Grandmaster,"Tool-Assisted, Pit",,,,
Nonsense,Nonsense,,119,Expert,Standard,,,,
Not Another Puzzle Hack,Not Another Puzzle Hack,,20,Intermediate,Standard,,,,
Not Dracula's Castle,Not Dracula's Castle,,0,Master,Kaizo,,,,
NOT SO SADISTIC MARIO.,NOT SO SADISTIC MARIO.,,22,Advanced,Standard,,,,
Nothing Crazy,Nothing Crazy,,19,Intermediate,Standard,,,,
Nothing Special,Nothing Special,,32,Intermediate,Standard,,,,
Nothing Special (Remastered),Nothing Special (Remastered),,5,Intermediate,Standard,,,,
Nova Concept - a love letter to SIG,Nova Concept - a love letter to SIG,,12,Intermediate,Standard,,,,
N'sane Studios hack,N'sane Studios hack,,11,Expert,Kaizo,,,,
Nuatepra,Nuatepra,,22,Advanced,Kaizo,,,,
O Ninja Negro,O Ninja Negro,,39,Advanced,Standard,,,,
Oblivion,Oblivion,,15,Expert,Kaizo,,,,
Obscure,Obscure,,26,Advanced,"Standard, Kaizo",,,,
Obstinate,Obstinate,,14,Expert,Kaizo,,,,
Octopus,Octopus,,7,Intermediate,Kaizo,,,,
Odd Master Mario,Odd Master Mario,,6,Newcomer,Standard,,,,
Odd Sands,Odd Sands,,28,Master,Kaizo,,,,
Ode To The Original Sin,Ode To The Original Sin,,26,Master,Kaizo,,,,
Of Heavy Riffs and Awesome Basslines,Of Heavy Riffs and Awesome Basslines,,6,Intermediate,Kaizo,,,,
Of Jumps and Platforms,Of Jumps and Platforms,,7,Intermediate,Standard,,,,
Of Precision & Style,Of Precision & Style,,3,Master,Kaizo,,,,
O'Ghim!,O'Ghim!,,28,Expert,Kaizo,,,,
O'Ghim!: Scholar Of The First Ghim,O'Ghim!: Scholar Of The First Ghim,,28,Expert,Kaizo,,,,
OK Mario,OK Mario,,15,Advanced,Kaizo,,,,
Olafs Shell Adventure,Olafs Shell Adventure,,16,Master,Kaizo,,,,
Old Marine World,Old Marine World,,6,Advanced,Kaizo,,,,
On The Edge,On The Edge,,8,Master,Kaizo,,,,
Once Again,Once Again,,14,Advanced,Kaizo,,,,
ONE,ONE,,14,Advanced,Kaizo,,,,
One Day The Sadness Will End,One Day The Sadness Will End,,10,Expert,Standard,,,,
One screen puzzle N°1,One screen puzzle N°1,,1,Intermediate,Kaizo,,,,
Onegai My Melody - Detour Land Conquest,Onegai My Melody - Detour Land Conquest,,46,Intermediate,Standard,,,,
Onegai My Melody - My Melody Adventure,Onegai My Melody - My Melody Adventure,,92,Intermediate,Standard,,,,
ONLY UP,ONLY UP,,1,Intermediate,Standard,,,,
Oogtar's Quest,Oogtar's Quest,,18,Newcomer,Standard,,,,
ooooo,ooooo,,82,Master,"Standard, Kaizo",,,,
Oops all keys,Oops all keys,,4,Master,Kaizo,,,,
Oops! All Fortresses,Oops! All Fortresses,,5,Casual,Kaizo,,,,
"Oops, All Grasslands","Oops, All Grasslands",,8,Grandmaster,Kaizo,,,,
"Oops,Trials Mario","Oops,Trials Mario",,7,Advanced,Kaizo,,,,
Oozitgarn,Oozitgarn,,7,Master,Kaizo,,,,
Orcus,Orcus,,25,Advanced,Kaizo,,,,
Our Wonderful Planet,Our Wonderful Planet,,15,Advanced,Kaizo,,,,
Out of Ideas!,Out of Ideas!,,4,Expert,Kaizo,,,,
Outrageous Mario World,Outrageous Mario World,,12,Casual,Standard,,,,
OWLVABOX,OWLVABOX,,1,Casual,"Standard, Puzzle, Tool-Assisted",,,,
Oxworm,Oxworm,,16,Expert,Kaizo,,,,
Oxworm 2,Oxworm 2,,29,Expert,Kaizo,,,,
P.A.U.L. (2022 Polished Edition),P.A.U.L. (2022 Polished Edition),,41,Intermediate,Standard,,,,
P1JDS World,P1JDS World,,11,Advanced,Kaizo,,,,
Pac's Hac Demo,Pac's Hac Demo,,7,Master,Kaizo,,,,
Pactos,Pactos,,2,Master,Kaizo,,,,
Pandarosa,Pandarosa,,14,Expert,Kaizo,,,,
Pandemonium Fortress,Pandemonium Fortress,,20,Casual,Standard,,,,
Pandemonium Fortress 2,Pandemonium Fortress 2,,42,Intermediate,Standard,,,,
Pandora's Box (Legacy),Pandora's Box (Legacy),,1,Advanced,"Kaizo, Tool-Assisted",,,,
Panga's Kaizo Kindergarten (For Dummies),Panga's Kaizo Kindergarten (For Dummies),,40,Expert,Kaizo,,,,
Panic in the Mushroom Kingdom,Panic in the Mushroom Kingdom,,58,Casual,Standard,,,,
Panic in the Mushroom Kingdom 2,Panic in the Mushroom Kingdom 2,,66,Casual,Standard,,,,
Papaya Mountain,Papaya Mountain,,14,Expert,Kaizo,,,,
Paper Mario: The Plasma Star,Paper Mario: The Plasma Star,,6,Casual,Standard,,,,
Paralysis,Paralysis,,16,Expert,Kaizo,,,,
Paranormal Saga,Paranormal Saga,,22,Advanced,Standard,,,,
PATHMAKER,PATHMAKER,,5,Intermediate,Puzzle,,,,
Paths,Paths,,18,Expert,Kaizo,,,,
Paul '96,Paul '96,,12,Casual,Standard,,,,
Peach and Daisy in Luigi's Rescue,Peach and Daisy in Luigi's Rescue,,7,Casual,Standard,,,,
Peach is Missing,Peach is Missing,,77,Intermediate,Standard,,,,
Peach Melba,Peach Melba,,12,Casual,Standard,,,,
Peachy Moat World,Peachy Moat World,,29,Expert,Kaizo,,,,
Peachy Moat World 2,Peachy Moat World 2,,44,Expert,Kaizo,,,,
Perchance,Perchance,,36,Master,Kaizo,,,,
Perfect theorem,Perfect theorem,,8,Master,"Kaizo, Tool-Assisted",,,,
Persona Non Grata,Persona Non Grata,,12,Expert,Kaizo,,,,
Persus: A Toad Adventure,Persus: A Toad Adventure,,1,Newcomer,Standard,,,,
Phenomenal Mario World,Phenomenal Mario World,,11,Casual,Standard,,,,
Pineapple Porcupine,Pineapple Porcupine,,14,Expert,Kaizo,,,,
Pineapple Porcupine 2,Pineapple Porcupine 2,,25,Expert,Kaizo,,,,
Pin's Grand Adventure ; The Real Deal,Pin's Grand Adventure ; The Real Deal,,19,Casual,Standard,,,,
Pipe City,Pipe City,,4,Intermediate,Kaizo,,,,
Pipetastic,Pipetastic,,8,Expert,Kaizo,,,,
Piranhatopia,Piranhatopia,,21,Intermediate,Standard,,,,
Pirate Hack (Demo),Pirate Hack (Demo),,10,Intermediate,Standard,,,,
Pit of Abuse,Pit of Abuse,,1,Expert,"Tool-Assisted, Pit",,,,
Pit of God,Pit of God,,1,Grandmaster,"Tool-Assisted, Pit",,,,
Pit of Gui!! (Reformulated Version),Pit of Gui!! (Reformulated Version),,1,Expert,"Tool-Assisted, Pit",,,,
Pit of Insaneness,Pit of Insaneness,,1,Master,"Tool-Assisted, Pit",,,,
Pit of Insaneness 2,Pit of Insaneness 2,,1,Grandmaster,"Tool-Assisted, Pit",,,,
Pit Of RTA,Pit Of RTA,,6,Expert,Kaizo,,,,
Pizza of challenges,Pizza of challenges,,9,Expert,Kaizo,,,,
Plain Cheese Pizza,Plain Cheese Pizza,,24,Expert,Kaizo,,,,
planets,planets,,9,Expert,Kaizo,,,,
Play To Win,Play To Win,,32,Casual,Standard,,,,
Playground Kaizo,Playground Kaizo,,6,Casual,Kaizo,,,,
Playground Kaizo 2,Playground Kaizo 2,,8,Casual,Kaizo,,,,
PLAYTIME,PLAYTIME,,17,Expert,Kaizo,,,,
Plombier du Fromage,Plombier du Fromage,,8,Advanced,Standard,,,,
Pointless,Pointless,,12,Advanced,Kaizo,,,,
Poked,Poked,,3,Intermediate,"Standard, Kaizo",,,,
Pokémon Darkness,Pokémon Darkness,,50,Casual,Standard,,,,
Pokey's Adventure,Pokey's Adventure,,7,Newcomer,Standard,,,,
Polyphony,Polyphony,,24,Advanced,"Standard, Kaizo",,,,
poop jump,poop jump,,75,Grandmaster,Kaizo,,,,
poop jump cafe,poop jump cafe,,1,Master,Kaizo,,,,
popi world,popi world,,5,Advanced,Kaizo,,,,
popi world 2,popi world 2,,10,Advanced,Kaizo,,,,
Po's adventure neko burst,Po's adventure neko burst,,12,Newcomer,Standard,,,,
Post Traumatic Stress Disorder,Post Traumatic Stress Disorder,,9,Advanced,Kaizo,,,,
Power Guy World,Power Guy World,,30,Intermediate,Standard,,,,
Power Journey,Power Journey,,12,Intermediate,Standard,,,,
Powerup Party,Powerup Party,,2,Intermediate,Kaizo,,,,
Practice Makes Purrfect,Practice Makes Purrfect,,15,Casual,Standard,,,,
Precise Perfection,Precise Perfection,,1,Grandmaster,"Tool-Assisted, Pit",,,,
Precision86,Precision86,,3,Master,Kaizo,,,,
Precision86 Part II : The Forgotten Kingdom (DEMO),Precision86 Part II : The Forgotten Kingdom (DEMO),,7,Master,Kaizo,,,,
Prickly Goo to the Rescue,Prickly Goo to the Rescue,,9,Advanced,Kaizo,,,,
Primal Mario World,Primal Mario World,,44,Newcomer,Standard,,,,
Primal Shells,Primal Shells,,18,Master,Kaizo,,,,
Princess Kaizo Land,Princess Kaizo Land,,14,Advanced,Kaizo,,,,
Project Brutality,Project Brutality,,1,Master,Kaizo,,,,
Project Frick 2019,Project Frick 2019,,8,Casual,Standard,,,,
Project Jonny Hacks 2 - Yoshi´s Journey of Justice,Project Jonny Hacks 2 - Yoshi´s Journey of Justice,,16,Casual,Standard,,,,
Project Jonny Hacks 3 - My Last Mission,Project Jonny Hacks 3 - My Last Mission,,39,Intermediate,Standard,,,,
Project L 1.0B,Project L 1.0B,,5,Casual,Standard,,,,
Project Underscore,Project Underscore,,10,Casual,Standard,,,,
Project_Bonestorm.tar.gz (A Mega Man/X-Styled SMW ROM Hack),Project_Bonestorm.tar.gz (A Mega Man/X-Styled SMW ROM Hack),,17,Intermediate,Standard,,,,
PropL\R Block,PropL\R Block,,0,Master,Kaizo,,,,
P-switch... The Legendary P-switch Void,P-switch... The Legendary P-switch Void,,5,Casual,Standard,,,,
Pumpkins and Slaughter,Pumpkins and Slaughter,,1,Expert,Kaizo,,,,
Punishing Pothole 2,Punishing Pothole 2,,2,Advanced,"Kaizo, Tool-Assisted",,,,
Punishing Pothole 3,Punishing Pothole 3,,1,Advanced,"Kaizo, Tool-Assisted",,,,
Purgatory,Purgatory,,21,Expert,Kaizo,,,,
Quest for Corgi Butts,Quest for Corgi Butts,,18,Advanced,Kaizo,,,,
Quest for milk,Quest for milk,,6,Intermediate,Kaizo,,,,
Quest for the Dragon Coins,Quest for the Dragon Coins,,4,Advanced,Kaizo,,,,
Quest in the Mushroom Kingdom,Quest in the Mushroom Kingdom,,23,Intermediate,Standard,,,,
Quest on Full Moon Island,Quest on Full Moon Island,,32,Intermediate,Standard,,,,
Quest on Full Moon Island v1.3 ita,Quest on Full Moon Island v1.3 ita,,32,Intermediate,Standard,,,,
Quick Delivery,Quick Delivery,,4,Casual,Standard,,,,
Quickie World,Quickie World,,14,Advanced,Kaizo,,,,
Quickie World 2,Quickie World 2,,22,Intermediate,Kaizo,,,,
Quickie World: With a Vengeance,Quickie World: With a Vengeance,,9,Advanced,Kaizo,,,,
Qzeq Pls Download Game,Qzeq Pls Download Game,,20,Casual,Standard,,,,
Race to the finish,Race to the finish,,0,Advanced,Kaizo,,,,
Rachell's Melin Rescue!,Rachell's Melin Rescue!,,13,Casual,Standard,,,,
R-ACK,R-ACK,,50,Advanced,Standard,,,,
Rakugaki Mario,Rakugaki Mario,,85,Grandmaster,"Standard, Kaizo",,,,
RamzaNeko,RamzaNeko,,8,Casual,Standard,,,,
Random Access Memoby,Random Access Memoby,,5,Master,Standard,,,,
Random BS Go,Random BS Go,,12,Master,Kaizo,,,,
Raphael's Revenge,Raphael's Revenge,,10,Expert,Kaizo,,,,
Really Neat Gimmicks,Really Neat Gimmicks,,14,Grandmaster,"Standard, Kaizo",,,,
Red City,Red City,,7,Master,Kaizo,,,,
Red Hero Endgame,Red Hero Endgame,,29,Expert,Kaizo,,,,
Red Hero's Journey,Red Hero's Journey,,20,Expert,Kaizo,,,,
Red Hero's Legacy,Red Hero's Legacy,,17,Expert,Kaizo,,,,
Red Wario,Red Wario,,4,Casual,Standard,,,,
Redeeming Peach,Redeeming Peach,,1,Intermediate,Standard,,,,
Red's Christmas Party!,Red's Christmas Party!,,1,Intermediate,Standard,,,,
Remember ALF!?,Remember ALF!?,,1,Master,Kaizo,,,,
REMIX,REMIX,,12,Expert,Kaizo,,,,
Repeat Offender,Repeat Offender,,10,Casual,Standard,,,,
Replica,Replica,,11,Expert,Kaizo,,,,
Rescue of Rochie,Rescue of Rochie,,80,Casual,Standard,,,,
ReSMW,ReSMW,,5,Newcomer,Standard,,,,
Retro Mario World - Super Mario Bros.,Retro Mario World - Super Mario Bros.,,32,Newcomer,Standard,,,,
Retro Marioland,Retro Marioland,,10,Advanced,Kaizo,,,,
Retrograde Nine,Retrograde Nine,,0,Expert,Kaizo,,,,
Return Mario World Luner Editon,Return Mario World Luner Editon,,5,Newcomer,Standard,,,,
Return Of Shadower,Return Of Shadower,,28,Intermediate,Standard,,,,
Return Trip,Return Trip,,33,Intermediate,Standard,,,,
Revenge of Bowser - Legend of the Seven Eggs,Revenge of Bowser - Legend of the Seven Eggs,,9,Newcomer,Standard,,,,
REVENGE OF SWITCHES PRESSED,REVENGE OF SWITCHES PRESSED,,4,Advanced,Standard,,,,
Reverie,Reverie,,2,Casual,"Standard, Puzzle",,,,
Riff World 2,Riff World 2,,32,Master,Kaizo,,,,
Rikaizo Shells,Rikaizo Shells,,12,Master,Kaizo,,,,
Rise of Horst: Baby Park,Rise of Horst: Baby Park,,2,Intermediate,"Kaizo, Tool-Assisted",,,,
Rise to the Challenge,Rise to the Challenge,,53,Intermediate,Standard,,,,
River Song,River Song,,18,Advanced,Kaizo,,,,
Road to New Haven,Road to New Haven,,5,Intermediate,Kaizo,,,,
Robfather World,Robfather World,,14,Intermediate,Kaizo,,,,
Rob-omb's Quest: Easy,Rob-omb's Quest: Easy,,84,Casual,Standard,,,,
Rob-omb's Quest: Hard,Rob-omb's Quest: Hard,,84,Casual,Standard,,,,
Roger Gang Vol 1,Roger Gang Vol 1,,15,Expert,Kaizo,,,,
ROKE HELL,ROKE HELL,,14,Expert,Kaizo,,,,
Roke Shell,Roke Shell,,14,Advanced,Kaizo,,,,
rokeshell 2,rokeshell 2,,13,Expert,Kaizo,,,,
Romhack Races - Season 1 Compilation,Romhack Races - Season 1 Compilation,,15,Expert,Kaizo,,,,
Romhack Races - Season 2 Compilation,Romhack Races - Season 2 Compilation,,13,Expert,Kaizo,,,,
Romhack Races - Season 3 Compilation,Romhack Races - Season 3 Compilation,,13,Expert,Kaizo,,,,
Romhack Races - Season 4 Compilation,Romhack Races - Season 4 Compilation,,12,Expert,Kaizo,,,,
Romp of Otters,Romp of Otters,,23,Expert,Kaizo,,,,
Rooms for Kids,Rooms for Kids,,1,Intermediate,Kaizo,,,,
Rooms of Despair,Rooms of Despair,,1,Expert,Kaizo,,,,
Rosalina's Gold Saga,Rosalina's Gold Saga,,44,Intermediate,Standard,,,,
Rose Tinted Glasses,Rose Tinted Glasses,,5,Intermediate,Kaizo,,,,
Roy's Armada,Roy's Armada,,18,Casual,Standard,,,,
Rozen Maiden: The Lapislazuri Travel,Rozen Maiden: The Lapislazuri Travel,,5,Casual,Standard,,,,
RTA Abuse,RTA Abuse,,1,Master,Kaizo,,,,
RTA Abuse 2,RTA Abuse 2,,0,Master,Kaizo,,,,
RTA Abuse 3,RTA Abuse 3,,1,Master,Kaizo,,,,
Run Away from Mario's Past,Run Away from Mario's Past,,10,Intermediate,Standard,,,,
Run the Gauntlet,Run the Gauntlet,,5,Grandmaster,Standard,,,,
Run!,Run!,,11,Expert,Kaizo,,,,
Run! 2 - Don't Stop Running,Run! 2 - Don't Stop Running,,14,Expert,Kaizo,,,,
S.O.B mario world,S.O.B mario world,,14,Master,Kaizo,,,,
SA-1: Special Adventure - 1,SA-1: Special Adventure - 1,,118,Intermediate,Standard,,,,
Safespace Challenge,Safespace Challenge,,1,Grandmaster,Kaizo,,,,
Sakaya Sanctuary,Sakaya Sanctuary,,20,Expert,Kaizo,,,,
Salty Sagan World,Salty Sagan World,,22,Master,Kaizo,,,,
"Same Sprites, Different Levels","Same Sprites, Different Levels",,92,Intermediate,Standard,,,,
Samsara Mario World,Samsara Mario World,,22,Expert,Kaizo,,,,
Saphros Blind Races #1,Saphros Blind Races #1,,4,Advanced,Kaizo,,,,
Saphros Blindrace #2,Saphros Blindrace #2,,4,Expert,Kaizo,,,,
Sauna Mario World,Sauna Mario World,,15,Advanced,Kaizo,,,,
Sauna Mario World 2,Sauna Mario World 2,,21,Expert,Kaizo,,,,
Save Luigi,Save Luigi,,30,Expert,Kaizo,,,,
Saving Libertys Kaizo Adventure,Saving Libertys Kaizo Adventure,,13,Advanced,Kaizo,,,,
Sayonara Mario World,Sayonara Mario World,,13,Expert,Kaizo,,,,
Sayonara Mario World 2,Sayonara Mario World 2,,16,Master,Kaizo,,,,
Scary Bosses and Nice Sprites,Scary Bosses and Nice Sprites,,10,Advanced,"Standard, Kaizo",,,,
Scyther Our Savior,Scyther Our Savior,,32,Intermediate,Standard,,,,
Season of Ice,Season of Ice,,7,Newcomer,Standard,,,,
Second Nature,Second Nature,,19,Expert,Kaizo,,,,
Secret of Mario,Secret of Mario,,0,Advanced,Kaizo,,,,
Seek the Discrepancy,Seek the Discrepancy,,15,Casual,"Standard, Puzzle",,,,
Send Your Regrets to the Czar,Send Your Regrets to the Czar,,24,Master,Kaizo,,,,
Sendy's World,Sendy's World,,27,Intermediate,Standard,,,,
Separate Ways Remastered,Separate Ways Remastered,,14,Advanced,Kaizo,,,,
Seven Cursed Eggs,Seven Cursed Eggs,,10,Casual,Standard,,,,
Seven Vanilla Levels,Seven Vanilla Levels,,9,Intermediate,Standard,,,,
Shadow of the Mountain,Shadow of the Mountain,,17,Advanced,Kaizo,,,,
Shallow and Pedantic,Shallow and Pedantic,,5,Expert,Kaizo,,,,
Shallow Pits,Shallow Pits,,1,Master,Kaizo,,,,
Shallow Pits 2,Shallow Pits 2,,1,Expert,Kaizo,,,,
Shattered Land,Shattered Land,,5,Expert,Kaizo,,,,
SHATTERED PLAINS,SHATTERED PLAINS,,0,Master,Standard,,,,
Sheffy 99,Sheffy 99,,8,Master,Kaizo,,,,
Shell is Cool,Shell is Cool,,8,Expert,Kaizo,,,,
Shell Motel,Shell Motel,,1,Advanced,Kaizo,,,,
Shell Or Die,Shell Or Die,,15,Master,Kaizo,,,,
Shell Out,Shell Out,,1,Expert,Kaizo,,,,
Shell Reaper,Shell Reaper,,6,Master,Kaizo,,,,
Shella Sick (A Hella Sick Shell Hack),Shella Sick (A Hella Sick Shell Hack),,14,Expert,Kaizo,,,,
Shellab,Shellab,,10,Expert,Kaizo,,,,
Shellax,Shellax,,7,Expert,Kaizo,,,,
Shellenge,Shellenge,,11,Advanced,Kaizo,,,,
Shello,Shello,,12,Expert,Kaizo,,,,
Shelloween,Shelloween,,10,Advanced,Kaizo,,,,
Shells 3 & Knuckles,Shells 3 & Knuckles,,8,Expert,Kaizo,,,,
Shell'S 4 KidUlt'S,Shell'S 4 KidUlt'S,,4,Expert,Kaizo,,,,
Shells Delivery Deluxe,Shells Delivery Deluxe,,8,Advanced,Kaizo,,,,
Shells Kitchen: Leos Journey,Shells Kitchen: Leos Journey,,10,Intermediate,Kaizo,,,,
Shells Kitchen: Nicos Journey,Shells Kitchen: Nicos Journey,,10,Advanced,Kaizo,,,,
Shell's Redeemer,Shell's Redeemer,,12,Expert,Kaizo,,,,
Shell's Retriever,Shell's Retriever,,7,Expert,Kaizo,,,,
Shellshock,Shellshock,,9,Grandmaster,Kaizo,,,,
Shelltopia,Shelltopia,,9,Advanced,Kaizo,,,,
Shellventure,Shellventure,,9,Expert,Kaizo,,,,
Shellz,Shellz,,9,Expert,Kaizo,,,,
SHINE,SHINE,,12,Expert,Kaizo,,,,
Shipwrecked,Shipwrecked,,24,Casual,Standard,,,,
Shooey,Shooey,,10,Expert,Kaizo,,,,
Short and Hard: A midair Shellhack,Short and Hard: A midair Shellhack,,19,Master,Kaizo,,,,
Short and Sweet,Short and Sweet,,11,Advanced,Kaizo,,,,
Short but Savage,Short but Savage,,5,Master,Kaizo,,,,
short mario adventure,short mario adventure,,7,Newcomer,Standard,,,,
Short 'n Sweet,Short 'n Sweet,,7,Intermediate,Kaizo,,,,
Showtime,Showtime,,30,Advanced,Standard,,,,
Shy Guy's Adventure,Shy Guy's Adventure,,5,Casual,Standard,,,,
ShyGuy Kaizo Dream,ShyGuy Kaizo Dream,,8,Expert,Kaizo,,,,
ShyGuy Kaizo Dream 2 - Shy Guy's Awakening,ShyGuy Kaizo Dream 2 - Shy Guy's Awakening,,20,Expert,Kaizo,,,,
Shy-Guy Quest,Shy-Guy Quest,,6,Casual,Standard,,,,
Sicari,Sicari,,35,Casual,Standard,,,,
Sicari 2 - The Brink of Time,Sicari 2 - The Brink of Time,,46,Intermediate,Standard,,,,
Sicari Remastered,Sicari Remastered,,68,Intermediate,Standard,,,,
Sif World,Sif World,,17,Expert,Kaizo,,,,
Signals,Signals,,6,Expert,Kaizo,,,,
Silencio,Silencio,,20,Expert,Kaizo,,,,
Silver level pack,Silver level pack,,7,Casual,Standard,,,,
Simpatico,Simpatico,,26,Master,Kaizo,,,,
Simple Symphony,Simple Symphony,,11,Master,Kaizo,,,,
Simply Delicious,Simply Delicious,,11,Advanced,Standard,,,,
Simply Kaizo,Simply Kaizo,,11,Intermediate,Kaizo,,,,
Simply Mario Shells 'n Bells,Simply Mario Shells 'n Bells,,1,Expert,Kaizo,,,,
Single Level Collaboration,Single Level Collaboration,,0,Intermediate,Standard,,,,
Sio's Dino Mayhem,Sio's Dino Mayhem,,1,Expert,Kaizo,,,,
SIW Cruel or Cruel Edition,SIW Cruel or Cruel Edition,,9,Intermediate,"Kaizo, Tool-Assisted",,,,
Six Pack: VLDC Compilation,Six Pack: VLDC Compilation,,622,Advanced,Standard,,,,
Sixth Grade Kaizo,Sixth Grade Kaizo,,9,Advanced,Kaizo,,,,
Sleepy World,Sleepy World,,15,Advanced,Kaizo,,,,
Slow and Slower,Slow and Slower,,6,Expert,Kaizo,,,,
slurdgery,slurdgery,,9,Advanced,Standard,,,,
Smithereens,Smithereens,,13,Advanced,Kaizo,,,,
Smoked Fish and Cabbage,Smoked Fish and Cabbage,,7,Intermediate,"Standard, Kaizo",,,,
Smoked Fish and Cabbage 2,Smoked Fish and Cabbage 2,,28,Intermediate,Kaizo,,,,
Smoked Fish and Cabbage 3,Smoked Fish and Cabbage 3,,28,Advanced,Kaizo,,,,
smol,smol,,7,Expert,Kaizo,,,,
SMW 2012: Master Hand's Doomsday,SMW 2012: Master Hand's Doomsday,,42,Casual,Standard,,,,
SMW Christmas special,SMW Christmas special,,4,Newcomer,Standard,,,,
SMW Coin Chaos,SMW Coin Chaos,,15,Casual,Standard,,,,
SMW For Your Kids Only,SMW For Your Kids Only,,20,Newcomer,Standard,,,,
SMW Friends and Rivalry,SMW Friends and Rivalry,,118,Intermediate,Standard,,,,
SMW La Nouvelle Vague,SMW La Nouvelle Vague,,12,Newcomer,Standard,,,,
SMW L'autre bout de Yoshi island,SMW L'autre bout de Yoshi island,,14,Casual,Standard,,,,
SMW Legends. The Stars Road,SMW Legends. The Stars Road,,21,Casual,Standard,,,,
SMW O Sumiço de Íris,SMW O Sumiço de Íris,,64,Intermediate,Standard,,,,
SMW Piranha Island,SMW Piranha Island,,20,Advanced,Standard,,,,
SMW Quest for Gaming,SMW Quest for Gaming,,98,Intermediate,Standard,,,,
SMW Remade from Memory,SMW Remade from Memory,,96,Casual,Standard,,,,
SMW Returns,SMW Returns,,55,Intermediate,Standard,,,,
SMW Returns 2,SMW Returns 2,,73,Casual,Standard,,,,
SMW Returns EX,SMW Returns EX,,48,Casual,Standard,,,,
SMW Skill Challenge,SMW Skill Challenge,,12,Expert,"Kaizo, Tool-Assisted",,,,
SMW Skill Challenge 2,SMW Skill Challenge 2,,3,Expert,"Kaizo, Tool-Assisted",,,,
SMW Stardust Dragon 2011,SMW Stardust Dragon 2011,,16,Intermediate,Standard,,,,
SMW The Crown Tale,SMW The Crown Tale,,112,Intermediate,Standard,,,,
SMW The Lost Levels,SMW The Lost Levels,,22,Casual,Standard,,,,
SMW The Princess Rescue,SMW The Princess Rescue,,116,Intermediate,Standard,,,,
SMW The Princess Rescue 2 - Luigi's Journey!,SMW The Princess Rescue 2 - Luigi's Journey!,,116,Intermediate,Standard,,,,
SMW The Princess Rescue 3 - The Turnabout,SMW The Princess Rescue 3 - The Turnabout,,120,Intermediate,Standard,,,,
SMW The Untold Story,SMW The Untold Story,,11,Intermediate,Standard,,,,
SMW Translations,SMW Translations,,96,Casual,Standard,,,,
Smw Uma Aventura Chaotica (Chaotic Adventure),Smw Uma Aventura Chaotica (Chaotic Adventure),,92,Casual,Standard,,,,
SMW with Levels from NSMB,SMW with Levels from NSMB,,96,Casual,Standard,,,,
SMW with Levels from SMB 3,SMW with Levels from SMB 3,,76,Newcomer,Standard,,,,
SMW with Levels from Super Boy 3,SMW with Levels from Super Boy 3,,19,Casual,Standard,,,,
SMW: Gaiden,SMW: Gaiden,,124,Expert,Standard,,,,
SMW: Luigi's Mystic Saga,SMW: Luigi's Mystic Saga,,31,Intermediate,Standard,,,,
SMW: Remix,SMW: Remix,,17,Newcomer,Standard,,,,
SMW: The Creator,SMW: The Creator,,40,Newcomer,Standard,,,,
SMW: Yoshi's Super Adventure,SMW: Yoshi's Super Adventure,,44,Casual,Standard,,,,
Smw2 the unknown threats F.I.X.E.D,Smw2 the unknown threats F.I.X.E.D,,5,Newcomer,Standard,,,,
SMW2+3: The Essence Star,SMW2+3: The Essence Star,,45,Casual,Standard,,,,
SMWHacking.de Collab,SMWHacking.de Collab,,12,Casual,Standard,,,,
SMWHacking.de Collab ½,SMWHacking.de Collab ½,,10,Intermediate,Standard,,,,
SMWLV,SMWLV,,20,Intermediate,Standard,,,,
SMW-R,SMW-R,,5,Intermediate,Standard,,,,
Sniggerbobble's Nightmare: Randor's Inside Story,Sniggerbobble's Nightmare: Randor's Inside Story,,6,Casual,Standard,,,,
Snoman's Land,Snoman's Land,,12,Advanced,Kaizo,,,,
Solar Eclipse World,Solar Eclipse World,,1,Intermediate,Standard,,,,
Some Assembly Required,Some Assembly Required,,5,Advanced,Kaizo,,,,
Something,Something,,47,Intermediate,Standard,,,,
Something Else,Something Else,,69,Advanced,Standard,,,,
Song's to Die to,Song's to Die to,,9,Expert,Kaizo,,,,
Sonic Epic World,Sonic Epic World,,8,Expert,Kaizo,,,,
Sonic Kaizo World,Sonic Kaizo World,,21,Expert,Kaizo,,,,
Sonic the Hedgehog 2 Kaizo Version,Sonic the Hedgehog 2 Kaizo Version,,22,Expert,Kaizo,,,,
Sonic the Hedgehog Kaizo Version,Sonic the Hedgehog Kaizo Version,,19,Expert,Kaizo,,,,
Sonic's Adventure in Mushroom Kingdom,Sonic's Adventure in Mushroom Kingdom,,13,Intermediate,Kaizo,,,,
Sophies Crown,Sophies Crown,,15,Expert,Kaizo,,,,
Sorrow & Misery,Sorrow & Misery,,19,Grandmaster,Kaizo,,,,
Sortes Biblicae,Sortes Biblicae,,9,Master,Kaizo,,,,
Soup or Solstng World,Soup or Solstng World,,14,Advanced,Kaizo,,,,
South Point Hotel,South Point Hotel,,1,Expert,"Kaizo, Puzzle",,,,
SpaceDeluxe,SpaceDeluxe,,6,Advanced,Kaizo,,,,
Spatial Whirl,Spatial Whirl,,60,Intermediate,Standard,,,,
Special Moves,Special Moves,,5,Grandmaster,Kaizo,,,,
Special World Escape,Special World Escape,,5,Advanced,Kaizo,,,,
Special World Overtakes,Special World Overtakes,,8,Casual,Standard,,,,
Special World?,Special World?,,5,Intermediate,"Kaizo, Tool-Assisted",,,,
Speed Shell,Speed Shell,,1,Expert,Kaizo,,,,
Spesh Planet,Spesh Planet,,8,Intermediate,Standard,,,,
Spesh Planet 2,Spesh Planet 2,,24,Intermediate,Standard,,,,
Spiral Quiral,Spiral Quiral,,8,Casual,Standard,,,,
Spiral Quiral Downgrade,Spiral Quiral Downgrade,,12,Intermediate,Standard,,,,
Spiteful Mario,Spiteful Mario,,69,Expert,"Standard, Kaizo",,,,
Sponge World,Sponge World,,4,Intermediate,Standard,,,,
SPOT,SPOT,,12,Advanced,Standard,,,,
Sprites Are 1derful,Sprites Are 1derful,,96,Advanced,"Standard, Kaizo",,,,
Square,Square,,9,Expert,Kaizo,,,,
SRE X - Kaizo Race,SRE X - Kaizo Race,,6,Expert,Kaizo,,,,
Staccato,Staccato,,14,Master,Kaizo,,,,
Stacks cafe,Stacks cafe,,1,Advanced,Kaizo,,,,
Stackup (Demo #0),Stackup (Demo #0),,8,Intermediate,Standard,,,,
Stand Tall and Shake the Heavens,Stand Tall and Shake the Heavens,,10,Master,Kaizo,,,,
Standard SMW ROM Hack,Standard SMW ROM Hack,,4,Casual,Standard,,,,
Stardust,Stardust,,4,Advanced,Kaizo,,,,
Starting with Kaizo,Starting with Kaizo,,5,Intermediate,Kaizo,,,,
Starting with Kaizo 2,Starting with Kaizo 2,,10,Intermediate,Kaizo,,,,
Staycation,Staycation,,22,Expert,Kaizo,,,,
Steamboat Mario,Steamboat Mario,,7,Newcomer,Standard,,,,
Steid's Hack,Steid's Hack,,8,Casual,Standard,,,,
Steven's Strangest Day,Steven's Strangest Day,,23,Casual,Standard,,,,
stick mice in my head and then beat my head in with a hammer and let them back out,stick mice in my head and then beat my head in with a hammer and let them back out,,19,Advanced,Standard,,,,
Stick This Up Your Pipe!,Stick This Up Your Pipe!,,0,Expert,Kaizo,,,,
Storks and Apes and Crocodiles,Storks and Apes and Crocodiles,,17,Master,Kaizo,,,,
Story of Peiton,Story of Peiton,,37,Intermediate,Standard,,,,
Straight Shellin',Straight Shellin',,6,Expert,Kaizo,,,,
Stranded,Stranded,,16,Casual,Standard,,,,
Strange Mario World,Strange Mario World,,6,Casual,Standard,,,,
Stratfinder,Stratfinder,,3,Master,Kaizo,,,,
Streak of Tigers,Streak of Tigers,,11,Expert,Kaizo,,,,
Streak of Tigers 2,Streak of Tigers 2,,11,Expert,Kaizo,,,,
Studies of a broken engine,Studies of a broken engine,,1,Grandmaster,Kaizo,,,,
Subpar Mario World,Subpar Mario World,,27,Advanced,Kaizo,,,,
Summer,Summer,,14,Master,Kaizo,,,,
Summer Season,Summer Season,,5,Casual,Standard,,,,
Sunny Side World,Sunny Side World,,7,Newcomer,Standard,,,,
"Super ""Mario"" World","Super ""Mario"" World",,35,Newcomer,Standard,,,,
"Super ""Mario"" World 2","Super ""Mario"" World 2",,87,Intermediate,Standard,,,,
"Super ""Sonic Saves the World"" World","Super ""Sonic Saves the World"" World",,69,Master,Kaizo,,,,
Super “Dark” World,Super “Dark” World,,6,Casual,Standard,,,,
Super Adam World,Super Adam World,,9,Intermediate,Standard,,,,
Super Alabama Beach Mouse,Super Alabama Beach Mouse,,7,Grandmaster,Kaizo,,,,
Super Alex Demo,Super Alex Demo,,7,Casual,Standard,,,,
Super Alicorn Sisters: Return of the Tantabus (A My Little Pony hack),Super Alicorn Sisters: Return of the Tantabus (A My Little Pony hack),,6,Newcomer,Standard,,,,
Super Amazing World,Super Amazing World,,8,Casual,Standard,,,,
Super Amethyst Rocks,Super Amethyst Rocks,,36,Expert,Kaizo,,,,
Super Ario World,Super Ario World,,6,Advanced,"Standard, Kaizo",,,,
Super BanzaiChuck World,Super BanzaiChuck World,,20,Master,Kaizo,,,,
Super Beast World,Super Beast World,,10,Intermediate,Kaizo,,,,
Super Beco World,Super Beco World,,15,Advanced,Kaizo,,,,
Super Beco World 2,Super Beco World 2,,14,Advanced,Kaizo,,,,
Super Beco World 3,Super Beco World 3,,24,Advanced,Kaizo,,,,
Super Big Super Shy World,Super Big Super Shy World,,30,Intermediate,"Standard, Kaizo",,,,
Super Blooper,Super Blooper,,11,Casual,Standard,,,,
Super Boonie World,Super Boonie World,,18,Expert,Kaizo,,,,
Super Breh World,Super Breh World,,8,Advanced,Kaizo,,,,
Super Broke World,Super Broke World,,16,Master,Kaizo,,,,
Super Bulti World,Super Bulti World,,15,Advanced,Kaizo,,,,
Super Butt World 2,Super Butt World 2,,30,Master,Kaizo,,,,
Super Challenge World,Super Challenge World,,113,Advanced,Standard,,,,
Super Chambo World,Super Chambo World,,22,Expert,Kaizo,,,,
Super Cheer World,Super Cheer World,,25,Expert,Kaizo,,,,
Super Chill World,Super Chill World,,13,Advanced,Kaizo,,,,
Super Chocolate: The Insane Islands,Super Chocolate: The Insane Islands,,9,Casual,Standard,,,,
Super Cindy World,Super Cindy World,,14,Intermediate,Kaizo,,,,
Super Cindy World 2,Super Cindy World 2,,24,Intermediate,Kaizo,,,,
Super Cindy World 3,Super Cindy World 3,,29,Intermediate,Kaizo,,,,
Super Compact World,Super Compact World,,19,Advanced,Standard,,,,
Super Conan Land,Super Conan Land,,1,Intermediate,"Kaizo, Tool-Assisted",,,,
Super Conan World,Super Conan World,,3,Intermediate,"Kaizo, Tool-Assisted",,,,
Super Cool World,Super Cool World,,24,Expert,Kaizo,,,,
Super Corn World,Super Corn World,,8,Advanced,Kaizo,,,,
Super Corn World II,Super Corn World II,,11,Advanced,Kaizo,,,,
Super Corn World III,Super Corn World III,,15,Expert,Kaizo,,,,
Super Corruptendo World: The Mini HAX,Super Corruptendo World: The Mini HAX,,0,Newcomer,Standard,,,,
Super cRazy world,Super cRazy world,,8,Newcomer,Standard,,,,
Super Creme World,Super Creme World,,14,Advanced,Kaizo,,,,
Super Curious World,Super Curious World,,16,Expert,Kaizo,,,,
Super Daisy World,Super Daisy World,,21,Casual,Standard,,,,
Super Dank World,Super Dank World,,19,Advanced,Kaizo,,,,
Super Dazran World,Super Dazran World,,17,Casual,Standard,,,,
Super DB World,Super DB World,,17,Expert,Kaizo,,,,
Super Deboche World,Super Deboche World,,28,Intermediate,Standard,,,,
Super Demo World,Super Demo World,,6,Intermediate,Standard,,,,
Super Demo World 3,Super Demo World 3,,9,Casual,Standard,,,,
Super Demo World: The Legend Continues,Super Demo World: The Legend Continues,,120,Advanced,Standard,,,,
Super Denis World,Super Denis World,,17,Expert,Kaizo,,,,
Super Destructive World,Super Destructive World,,21,Intermediate,Kaizo,,,,
Super DGR World,Super DGR World,,32,Advanced,Kaizo,,,,
Super Dram World,Super Dram World,,19,Master,Kaizo,,,,
Super Dram World 2,Super Dram World 2,,21,Master,Kaizo,,,,
Super Dram World 3,Super Dram World 3,,28,Grandmaster,Kaizo,,,,
Super Dream World,Super Dream World,,12,Advanced,Kaizo,,,,
Super Duper Mario World W1 DEMO,Super Duper Mario World W1 DEMO,,10,Intermediate,Standard,,,,
Super Duper World,Super Duper World,,4,Advanced,Kaizo,,,,
Super Empty Land,Super Empty Land,,5,Intermediate,Kaizo,,,,
Super Enan World,Super Enan World,,35,Intermediate,Standard,,,,
Super Endoplasm World,Super Endoplasm World,,24,Casual,Standard,,,,
Super Enemy World,Super Enemy World,,20,Casual,Standard,,,,
Super Fail World,Super Fail World,,13,Intermediate,Standard,,,,
Super Fart World,Super Fart World,,15,Master,Kaizo,,,,
Super Fast World,Super Fast World,,3,Intermediate,Kaizo,,,,
Super Fedora World,Super Fedora World,,22,Casual,Standard,,,,
Super Fish World,Super Fish World,,1,Casual,Standard,,,,
Super Flash World,Super Flash World,,20,Expert,Kaizo,,,,
Super Flash World 2,Super Flash World 2,,23,Expert,Kaizo,,,,
Super Focused World,Super Focused World,,22,Expert,Kaizo,,,,
Super Foo World,Super Foo World,,27,Expert,Kaizo,,,,
Super Foo World 0,Super Foo World 0,,7,Expert,Kaizo,,,,
Super Foo World -1,Super Foo World -1,,9,Advanced,Kaizo,,,,
Super Foo World 2,Super Foo World 2,,18,Advanced,Kaizo,,,,
Super Foo World 3,Super Foo World 3,,18,Expert,Kaizo,,,,
Super Foo World Lite,Super Foo World Lite,,13,Expert,Kaizo,,,,
Super Foss World,Super Foss World,,22,Expert,"Kaizo, Puzzle",,,,
Super Fruits 'n Veggies World,Super Fruits 'n Veggies World,,21,Advanced,Kaizo,,,,
Super Galega World,Super Galega World,,6,Intermediate,Kaizo,,,,
Super germdove World,Super germdove World,,9,Intermediate,Kaizo,,,,
Super Ghetto World,Super Ghetto World,,22,Casual,Standard,,,,
Super Glitchcat World,Super Glitchcat World,,15,Expert,Kaizo,,,,
SUPER Glumper WORLD,SUPER Glumper WORLD,,5,Casual,Standard,,,,
Super Godly Worl 69,Super Godly Worl 69,,2,Intermediate,Standard,,,,
Super Goober World,Super Goober World,,7,Expert,Kaizo,,,,
Super Gracie World,Super Gracie World,,14,Advanced,Kaizo,,,,
Super Hacked World,Super Hacked World,,6,Casual,Standard,,,,
Super Hark Bros,Super Hark Bros,,16,Advanced,Kaizo,,,,
Super Hark Bros 2,Super Hark Bros 2,,24,Expert,Kaizo,,,,
Super Herbihalt World,Super Herbihalt World,,8,Intermediate,Standard,,,,
Super Herbihalt World 2,Super Herbihalt World 2,,8,Casual,Standard,,,,
Super Herbihalt World 3,Super Herbihalt World 3,,8,Intermediate,Standard,,,,
Super Huh World,Super Huh World,,6,Master,Kaizo,,,,
Super Husky World,Super Husky World,,12,Advanced,Kaizo,,,,
Super Husky World 2,Super Husky World 2,,15,Advanced,Kaizo,,,,
Super I Will Make One Level a Day Until Doopu Publishes SHINE World,Super I Will Make One Level a Day Until Doopu Publishes SHINE World,,14,Expert,Kaizo,,,,
Super Impressive World,Super Impressive World,,6,Newcomer,Standard,,,,
Super Insecure World,Super Insecure World,,10,Advanced,Kaizo,,,,
Super interdimensional crossroad world,Super interdimensional crossroad world,,1,Advanced,"Standard, Kaizo",,,,
Super Irresponsible World,Super Irresponsible World,,9,Master,Kaizo,,,,
Super IsCamden World,Super IsCamden World,,12,Advanced,Kaizo,,,,
Super Isikoro Mario World,Super Isikoro Mario World,,116,Master,Standard,,,,
Super IzToat World,Super IzToat World,,11,Advanced,Kaizo,,,,
Super Jars World,Super Jars World,,20,Expert,"Standard, Kaizo, Puzzle",,,,
Super Joe Bros 3,Super Joe Bros 3,,23,Advanced,Kaizo,,,,
Super Joe Bros.,Super Joe Bros.,,12,Intermediate,Kaizo,,,,
Super Joe Bros. 2,Super Joe Bros. 2,,21,Advanced,Kaizo,,,,
Super Kaizo Nightmare,Super Kaizo Nightmare,,8,Expert,Kaizo,,,,
Super Kamek World,Super Kamek World,,31,Advanced,Standard,,,,
Super Kekcroc World 2 - A Croc Throughout Time,Super Kekcroc World 2 - A Croc Throughout Time,,13,Intermediate,Standard,,,,
Super Kekcroc World 3,Super Kekcroc World 3,,12,Intermediate,Standard,,,,
Super Kekcroc World: Kekcroc in Space,Super Kekcroc World: Kekcroc in Space,,16,Intermediate,Standard,,,,
Super Kentucky Bros,Super Kentucky Bros,,17,Expert,Kaizo,,,,
Super Kilik World,Super Kilik World,,8,Casual,Standard,,,,
Super Killer World,Super Killer World,,13,Advanced,Kaizo,,,,
Super King Jay World,Super King Jay World,,14,Expert,Kaizo,,,,
Super Kroeti Kaizo World,Super Kroeti Kaizo World,,14,Advanced,Kaizo,,,,
Super Kuso World,Super Kuso World,,14,Master,Kaizo,,,,
Super LAME World,Super LAME World,,76,Newcomer,Standard,,,,
Super Lani World (Remastered),Super Lani World (Remastered),,24,Expert,Kaizo,,,,
Super Lani World 2 (Remastered),Super Lani World 2 (Remastered),,21,Expert,Kaizo,,,,
Super Lani World 3,Super Lani World 3,,35,Expert,Kaizo,,,,
Super Linkdead World,Super Linkdead World,,10,Master,Kaizo,,,,
Super Linkdeadx Dream,Super Linkdeadx Dream,,0,Expert,Kaizo,,,,
Super Little Miss A.D.D. World,Super Little Miss A.D.D. World,,83,Newcomer,"Standard, Kaizo",,,,
Super Little Miss ADD World DEMO,Super Little Miss ADD World DEMO,,21,Newcomer,Standard,,,,
Super Logic World 1,Super Logic World 1,,7,Casual,Standard,,,,
Super LouisDoucet World,Super LouisDoucet World,,11,Expert,Kaizo,,,,
Super LouisDoucet World 2,Super LouisDoucet World 2,,30,Master,Kaizo,,,,
Super LSG World,Super LSG World,,15,Intermediate,Kaizo,,,,
Super LSG World (B-Side),Super LSG World (B-Side),,6,Expert,Kaizo,,,,
Super Luigi Arcade,Super Luigi Arcade,,24,Intermediate,Standard,,,,
Super Luigi Bros: Mystery Of the 7 Jewels,Super Luigi Bros: Mystery Of the 7 Jewels,,37,Casual,Standard,,,,
Super Luigi Land,Super Luigi Land,,108,Casual,Standard,,,,
Super Luigi Land 2,Super Luigi Land 2,,64,Casual,Standard,,,,
Super Luigi RPG World,Super Luigi RPG World,,5,Intermediate,Standard,,,,
Super Luigi World 0.5,Super Luigi World 0.5,,24,Intermediate,Standard,,,,
Super Luigi World DELUXE,Super Luigi World DELUXE,,34,Casual,Standard,,,,
Super Luigi World: Luigi's Fantastic Dream,Super Luigi World: Luigi's Fantastic Dream,,18,Intermediate,Standard,,,,
Super Luigi World: Luigi's Quest!,Super Luigi World: Luigi's Quest!,,96,Intermediate,Standard,,,,
Super Luigi: King Koopa and the PU,Super Luigi: King Koopa and the PU,,12,Intermediate,Standard,,,,
Super Luigi: The Regular Quest,Super Luigi: The Regular Quest,,6,Newcomer,Standard,,,,
Super Machok World,Super Machok World,,11,Advanced,Kaizo,,,,
Super Macron World,Super Macron World,,4,Advanced,"Kaizo, Tool-Assisted",,,,
Super Macron World: Ultra Lite,Super Macron World: Ultra Lite,,4,Intermediate,Kaizo,,,,
Super MADE World,Super MADE World,,10,Advanced,Kaizo,,,,
Super Mallow World,Super Mallow World,,71,Intermediate,Standard,,,,
Super Mallow World - Master Quest,Super Mallow World - Master Quest,,11,Master,Kaizo,,,,
Super Maple World,Super Maple World,,8,Advanced,Kaizo,,,,
Super Marina World,Super Marina World,,100,Advanced,Standard,,,,
Super Mario - Bowser's Secret Weapon,Super Mario - Bowser's Secret Weapon,,7,Newcomer,Standard,,,,
Super Mario - Modo Competitivo (Competitive Mode),Super Mario - Modo Competitivo (Competitive Mode),,32,Intermediate,Standard,,,,
Super Mario - The Ultimate Challenge,Super Mario - The Ultimate Challenge,,5,Newcomer,Standard,,,,
Super Mario (Tentative Title),Super Mario (Tentative Title),,7,Newcomer,Standard,,,,
Super Mario 16: The Fall of Yoshi,Super Mario 16: The Fall of Yoshi,,77,Casual,Standard,,,,
Super Mario 2D Land,Super Mario 2D Land,,87,Casual,Standard,,,,
Super Mario 32 Levels,Super Mario 32 Levels,,31,Casual,Standard,,,,
Super Mario 32 Levels (R4.0),Super Mario 32 Levels (R4.0),,33,Intermediate,Standard,,,,
Super Mario 64/4,Super Mario 64/4,,6,Newcomer,Standard,,,,
Super Mario 96: Adventures in Parallel Land,Super Mario 96: Adventures in Parallel Land,,14,Newcomer,Standard,,,,
Super Mario Adventure [SMWC #],Super Mario Adventure,,0,Casual,Standard,,,,
Super Mario Adventure [SMWC #],Super Mario Adventure,,8,Newcomer,Standard,,,,
Super Mario Adventures,Super Mario Adventures,,7,Casual,Standard,,,,
Super Mario and Luigi World: Brotherhood,Super Mario and Luigi World: Brotherhood,,12,Intermediate,Kaizo,,,,
Super Mario And Super Alli World,Super Mario And Super Alli World,,9,Newcomer,Standard,,,,
Super Mario and the Cretaceous Castle,Super Mario and the Cretaceous Castle,,20,Expert,Kaizo,,,,
Super Mario and the Missing Mushroom Coins,Super Mario and the Missing Mushroom Coins,,8,Intermediate,Standard,,,,
Super Mario and the Undersea Lab,Super Mario and the Undersea Lab,,7,Casual,Standard,,,,
Super Mario Another Retro,Super Mario Another Retro,,70,Casual,Standard,,,,
Super Mario Another Retro 2 (Demo),Super Mario Another Retro 2 (Demo),,19,Casual,Standard,,,,
Super Mario Arbitrium - Demo 2,Super Mario Arbitrium - Demo 2,,24,Advanced,Standard,,,,
Super Mario Arcade,Super Mario Arcade,,24,Intermediate,Standard,,,,
Super Mario Archipelago,Super Mario Archipelago,,44,Intermediate,Standard,,,,
Super Mario Aways - Redrawn,Super Mario Aways - Redrawn,,8,Casual,Standard,,,,
Super Mario Balloon World,Super Mario Balloon World,,79,Advanced,Standard,,,,
Super Mario Blooper World,Super Mario Blooper World,,29,Casual,Standard,,,,
Super Mario Brain Dead,Super Mario Brain Dead,,17,Casual,Standard,,,,
Super Mario Broken Anomaly: Prototype version,Super Mario Broken Anomaly: Prototype version,,5,Newcomer,Standard,,,,
Super Mario Bros - Merry Mountain Christmas Adventure,Super Mario Bros - Merry Mountain Christmas Adventure,,31,Casual,Standard,,,,
Super Mario Bros 2 Dream Courses,Super Mario Bros 2 Dream Courses,,22,Intermediate,Standard,,,,
Super Mario Bros 2: Mega Mario X,Super Mario Bros 2: Mega Mario X,,75,Casual,Standard,,,,
Super Mario Bros 3 as Dinosaur Land,Super Mario Bros 3 as Dinosaur Land,,120,Advanced,Standard,,,,
Super Mario Bros. - The Castle,Super Mario Bros. - The Castle,,2,Casual,Standard,,,,
Super Mario Bros. - The Key Of Nightmares,Super Mario Bros. - The Key Of Nightmares,,19,Casual,Standard,,,,
Super Mario Bros. - The Lost Mario Quest,Super Mario Bros. - The Lost Mario Quest,,89,Intermediate,Standard,,,,
Super Mario Bros. - The Seven Wands,Super Mario Bros. - The Seven Wands,,14,Casual,Standard,,,,
Super Mario Bros. 1X,Super Mario Bros. 1X,,66,Casual,Standard,,,,
Super Mario Bros. 2 DX,Super Mario Bros. 2 DX,,24,Casual,Standard,,,,
Super Mario Bros. 3 Redrawn,Super Mario Bros. 3 Redrawn,,0,Newcomer,Standard,,,,
Super Mario Bros. 3 X,Super Mario Bros. 3 X,,70,Casual,Standard,,,,
Super Mario Bros. 3: Golden,Super Mario Bros. 3: Golden,,88,Casual,Standard,,,,
Super Mario Bros. 3: The Secret Place,Super Mario Bros. 3: The Secret Place,,27,Intermediate,Standard,,,,
Super Mario Bros. 4 - The Mystery Of The Five Stones,Super Mario Bros. 4 - The Mystery Of The Five Stones,,76,Casual,Standard,,,,
Super Mario Bros. 4: Super Mario World | Mario and Luigi's Return to The Plains,Super Mario Bros. 4: Super Mario World | Mario and Luigi's Return to The Plains,,18,Casual,Standard,,,,
Super Mario Bros. 5 Reborn,Super Mario Bros. 5 Reborn,,85,Newcomer,Standard,,,,
Super Mario Bros. Advance 2 : Super Mario Bros. 3,Super Mario Bros. Advance 2 : Super Mario Bros. 3,,10,Casual,Standard,,,,
Super Mario Bros. Chaos,Super Mario Bros. Chaos,,8,Newcomer,Standard,,,,
Super Mario Bros. Easter Adventure,Super Mario Bros. Easter Adventure,,1,Newcomer,Standard,,,,
Super Mario Bros. Enhanced,Super Mario Bros. Enhanced,,42,Casual,Standard,,,,
Super Mario Bros. For Lost Players,Super Mario Bros. For Lost Players,,36,Advanced,Standard,,,,
Super Mario Bros. Peach's Adventure,Super Mario Bros. Peach's Adventure,,61,Casual,Standard,,,,
Super Mario Bros. Remix,Super Mario Bros. Remix,,14,Intermediate,Standard,,,,
Super Mario Bros. The Hunt For The Magical Key,Super Mario Bros. The Hunt For The Magical Key,,120,Casual,Standard,,,,
Super Mario Bros. The Invaders of Mushroom Kingdom,Super Mario Bros. The Invaders of Mushroom Kingdom,,58,Casual,Standard,,,,
Super Mario Bros. The Search for Bowser,Super Mario Bros. The Search for Bowser,,7,Newcomer,Standard,,,,
Super Mario Bros.: Peach's Challenge,Super Mario Bros.: Peach's Challenge,,7,Casual,Standard,,,,
Super Mario Bros.: The Last Showdown,Super Mario Bros.: The Last Showdown,,3,Intermediate,Standard,,,,
Super Mario Bros.: The Lost Levels 2,Super Mario Bros.: The Lost Levels 2,,32,Newcomer,Standard,,,,
Super Mario Bros.: The Minus World,Super Mario Bros.: The Minus World,,4,Casual,Standard,,,,
Super Mario Bros: Bowser Chaos,Super Mario Bros: Bowser Chaos,,17,Newcomer,Standard,,,,
Super Mario Bros: The Castle 2,Super Mario Bros: The Castle 2,,0,Casual,Standard,,,,
Super Mario Bros: The Early Years,Super Mario Bros: The Early Years,,47,Casual,Standard,,,,
Super Mario Bros: The Search for Oreo Cakesters,Super Mario Bros: The Search for Oreo Cakesters,,3,Casual,Standard,,,,
Super Mario Bros: Vanilla Islands,Super Mario Bros: Vanilla Islands,,32,Casual,Standard,,,,
Super Mario Brothers and the Giant Omelette,Super Mario Brothers and the Giant Omelette,,9,Casual,Standard,,,,
Super Mario Challenge,Super Mario Challenge,,34,Intermediate,Standard,,,,
Super Mario Classic'd,Super Mario Classic'd,,7,Casual,Standard,,,,
Super Mario Cosmos,Super Mario Cosmos,,9,Casual,Standard,,,,
Super Mario Del Lago,Super Mario Del Lago,,46,Casual,Standard,,,,
Super Mario Denied World,Super Mario Denied World,,6,Newcomer,Standard,,,,
Super Mario Dream World,Super Mario Dream World,,59,Casual,Standard,,,,
Super Mario DX,Super Mario DX,,48,Casual,Standard,,,,
Super Mario Element Worlds,Super Mario Element Worlds,,12,Casual,Standard,,,,
Super Mario Emulator (PTB),Super Mario Emulator (PTB),,25,Newcomer,Standard,,,,
Super Mario Endless World,Super Mario Endless World,,12,Casual,Standard,,,,
Super Mario Escapades,Super Mario Escapades,,7,Casual,Standard,,,,
Super Mario Expedition,Super Mario Expedition,,8,Newcomer,Standard,,,,
Super Mario Fiwerland,Super Mario Fiwerland,,73,Intermediate,Standard,,,,
Super Mario Flash 2: SMW Remake,Super Mario Flash 2: SMW Remake,,20,Casual,Standard,,,,
Super Mario Flash: Super Mario World Remake,Super Mario Flash: Super Mario World Remake,,10,Intermediate,Standard,,,,
Super Mario Fooland,Super Mario Fooland,,8,Casual,Standard,,,,
Super Mario Gaia,Super Mario Gaia,,28,Advanced,Kaizo,,,,
Super Mario Hack,Super Mario Hack,,8,Casual,Standard,,,,
Super Mario Hack - Uma Nova Aventura - A New Adventure (Lite Version),Super Mario Hack - Uma Nova Aventura - A New Adventure (Lite Version),,33,Intermediate,Standard,,,,
Super Mario Heroes,Super Mario Heroes,,2,Newcomer,Standard,,,,
Super Mario Horizons 1.0b,Super Mario Horizons 1.0b,,57,Intermediate,Standard,,,,
Super Mario Iggy's Revenge,Super Mario Iggy's Revenge,,19,Casual,Standard,,,,
Super Mario In Element World,Super Mario In Element World,,32,Casual,Standard,,,,
Super Mario In Element World 2: The Master Hand Revenge,Super Mario In Element World 2: The Master Hand Revenge,,7,Newcomer,Standard,,,,
Super Mario in Miscland 2: GrisBoo's Switches!,Super Mario in Miscland 2: GrisBoo's Switches!,,5,Intermediate,Standard,,,,
Super Mario in the Health Advocacy Project,Super Mario in the Health Advocacy Project,,4,Newcomer,Standard,,,,
Super Mario in the Vanilla Forest,Super Mario in the Vanilla Forest,,2,Intermediate,Standard,,,,
Super Mario in Yoshi Heaven,Super Mario in Yoshi Heaven,,13,Casual,Standard,,,,
Super Mario in: Yoshi's Revenge,Super Mario in: Yoshi's Revenge,,53,Casual,Standard,,,,
Super Mario Infinity 2: The Cursed Gem,Super Mario Infinity 2: The Cursed Gem,,114,Expert,Standard,,,,
Super Mario Infinity: Mystery of the Magic Wand,Super Mario Infinity: Mystery of the Magic Wand,,114,Advanced,Standard,,,,
Super Mario Islands,Super Mario Islands,,8,Newcomer,Standard,,,,
Super Mario Justice,Super Mario Justice,,13,Casual,Standard,,,,
Super Mario Land 2.5,Super Mario Land 2.5,,57,Intermediate,Standard,,,,
Super Mario Land 3: Tatanga's Return,Super Mario Land 3: Tatanga's Return,,70,Casual,Standard,,,,
Super Mario Land 4,Super Mario Land 4,,28,Casual,Standard,,,,
Super Mario Land Arcade!,Super Mario Land Arcade!,,3,Newcomer,Standard,,,,
Super Mario Land World,Super Mario Land World,,13,Casual,Standard,,,,
Super Mario Legacy,Super Mario Legacy,,140,Intermediate,Standard,,,,
Super Mario Logic,Super Mario Logic,,94,Casual,"Standard, Puzzle",,,,
Super Mario Lost in Monochrome,Super Mario Lost in Monochrome,,16,Casual,Standard,,,,
Super Mario Lost World,Super Mario Lost World,,10,Advanced,Standard,,,,
Super Mario Makers' Holiday Extravaganza,Super Mario Makers' Holiday Extravaganza,,21,Expert,"Standard, Kaizo",,,,
Super Mario Mania,Super Mario Mania,,9,Casual,Standard,,,,
Super Mario New Life!,Super Mario New Life!,,4,Newcomer,Standard,,,,
Super Mario Ocean,Super Mario Ocean,,36,Casual,Standard,,,,
Super Mario Odyssey,Super Mario Odyssey,,20,Casual,Standard,,,,
Super Mario Omega,Super Mario Omega,,100,Intermediate,Standard,,,,
Super Mario Outbreak,Super Mario Outbreak,,20,Casual,Standard,,,,
Super Mario OWMS,Super Mario OWMS,,13,Expert,Kaizo,,,,
Super Mario Pants World,Super Mario Pants World,,7,Expert,Kaizo,,,,
Super Mario Place,Super Mario Place,,81,Intermediate,Standard,,,,
Super Mario Planet,Super Mario Planet,,7,Casual,Standard,,,,
Super Mario Quest,Super Mario Quest,,19,Casual,Standard,,,,
Super Mario Radish Kingdom Adventure,Super Mario Radish Kingdom Adventure,,88,Advanced,Standard,,,,
Super Mario Redux,Super Mario Redux,,62,Casual,Standard,,,,
Super Mario Revelations,Super Mario Revelations,,12,Casual,Standard,,,,
Super Mario Robotical Trouble,Super Mario Robotical Trouble,,8,Casual,Standard,,,,
Super Mario SS2 - Bowser is Back,Super Mario SS2 - Bowser is Back,,34,Casual,Standard,,,,
Super Mario SS3 - PU,Super Mario SS3 - PU,,32,Intermediate,Standard,,,,
Super Mario Starlight,Super Mario Starlight,,30,Intermediate,Standard,,,,
Super Mario Starlight Remix,Super Mario Starlight Remix,,96,Newcomer,Standard,,,,
Super Mario Stole the Souls of the Innocent and Now Must Climb a Tower to Reclaim his Humanity World,Super Mario Stole the Souls of the Innocent and Now Must Climb a Tower to Reclaim his Humanity World,,1,Master,Kaizo,,,,
Super Mario Super Quest (demo),Super Mario Super Quest (demo),,20,Casual,Standard,,,,
Super Mario SuperStar,Super Mario SuperStar,,8,Casual,Standard,,,,
Super Mario Tales!,Super Mario Tales!,,6,Newcomer,Standard,,,,
Super Mario The Trip,Super Mario The Trip,,75,Casual,Standard,,,,
Super Mario Thousand Islands,Super Mario Thousand Islands,,17,Newcomer,Standard,,,,
Super Mario TKO,Super Mario TKO,,17,Casual,Standard,,,,
Super Mario Ubs,Super Mario Ubs,,7,Casual,Standard,,,,
Super Mario Ultima,Super Mario Ultima,,3,Intermediate,Standard,,,,
Super Mario Ultra World,Super Mario Ultra World,,9,Newcomer,Standard,,,,
Super Mario Underworld,Super Mario Underworld,,4,Casual,Standard,,,,
Super Mario Universe [SMWC #],Super Mario Universe,,30,Casual,Standard,,,,
Super Mario Universe [SMWC #],Super Mario Universe,,80,Casual,Standard,,,,
Super Mario Universe 2: The Adventure Resumes,Super Mario Universe 2: The Adventure Resumes,,62,Newcomer,Standard,,,,
Super Mario Universe Deluxe,Super Mario Universe Deluxe,,40,Casual,Standard,,,,
Super Mario Versus Bowser's New Army,Super Mario Versus Bowser's New Army,,19,Casual,Standard,,,,
Super Mario World - Bowser's Last Revenge,Super Mario World - Bowser's Last Revenge,,8,Newcomer,Standard,,,,
Super Mario World - Bowser's Return,Super Mario World - Bowser's Return,,60,Casual,Standard,,,,
Super Mario World - Bowser's Return Redux,Super Mario World - Bowser's Return Redux,,62,Casual,Standard,,,,
Super Mario World - Bulgarian Translation,Super Mario World - Bulgarian Translation,,96,Casual,Standard,,,,
Super Mario World - Final Mysterious Quest,Super Mario World - Final Mysterious Quest,,53,Intermediate,Standard,,,,
Super Mario World - Gamergull's Version,Super Mario World - Gamergull's Version,,33,Newcomer,Standard,,,,
Super Mario World - Hack Project,Super Mario World - Hack Project,,6,Newcomer,Standard,,,,
Super Mario World - Koopa Revenge,Super Mario World - Koopa Revenge,,20,Newcomer,Standard,,,,
Super Mario World - Leaving Dinosaur Island,Super Mario World - Leaving Dinosaur Island,,5,Casual,Standard,,,,
Super Mario World - Luigi's World Edition,Super Mario World - Luigi's World Edition,,19,Expert,Kaizo,,,,
Super Mario World - Mario's Expedition,Super Mario World - Mario's Expedition,,1,Advanced,Standard,,,,
Super Mario World - Mushroom Revolution,Super Mario World - Mushroom Revolution,,23,Casual,Standard,,,,
Super Mario World - Neeberz's Hack,Super Mario World - Neeberz's Hack,,26,Newcomer,Standard,,,,
Super Mario World - Parodian Art Edition,Super Mario World - Parodian Art Edition,,9,Casual,Standard,,,,
Super Mario World - Some Random Adventure,Super Mario World - Some Random Adventure,,15,Casual,Standard,,,,
Super Mario World - The 4 Elemental Jewels,Super Mario World - The 4 Elemental Jewels,,8,Casual,Standard,,,,
Super Mario World - The search of Luigi,Super Mario World - The search of Luigi,,7,Casual,Standard,,,,
Super Mario World - The Secret Levels,Super Mario World - The Secret Levels,,3,Newcomer,Standard,,,,
Super Mario World (Super Mario Bros. 4) : A Trip Full Of Fun!,Super Mario World (Super Mario Bros. 4) : A Trip Full Of Fun!,,5,Casual,Standard,,,,
Super Mario World + Land,Super Mario World + Land,,96,Casual,Standard,,,,
Super Mario World 1.5,Super Mario World 1.5,,66,Newcomer,Standard,,,,
Super Mario World 2,Super Mario World 2,,7,Newcomer,Standard,,,,
Super Mario World 2021 (PT-BR) + (USA),Super Mario World 2021 (PT-BR) + (USA),,92,Casual,Standard,,,,
Super Mario World 2025,Super Mario World 2025,,93,Casual,Standard,,,,
Super Mario World 3 - A whole new world,Super Mario World 3 - A whole new world,,44,Intermediate,Standard,,,,
Super Mario World 3 - Bowser's Revenge,Super Mario World 3 - Bowser's Revenge,,8,Newcomer,Standard,,,,
Super Mario World 3: The Koopas Strike Back,Super Mario World 3: The Koopas Strike Back,,29,Intermediate,Standard,,,,
Super Mario World 3: The Universe's Star!,Super Mario World 3: The Universe's Star!,,10,Newcomer,Standard,,,,
Super Mario World 4: The Shining Super Star,Super Mario World 4: The Shining Super Star,,6,Casual,Standard,,,,
Super Mario World 64,Super Mario World 64,,1,Casual,Standard,,,,
Super Mario World Adventure,Super Mario World Adventure,,7,Casual,Standard,,,,
Super Mario World ALPHA 2,Super Mario World ALPHA 2,,76,Casual,Standard,,,,
Super Mario World and Beyond,Super Mario World and Beyond,,5,Casual,Standard,,,,
Super Mario World And the 8 jars,Super Mario World And the 8 jars,,9,Casual,Standard,,,,
Super Mario World and the Bois!,Super Mario World and the Bois!,,16,Casual,Standard,,,,
Super Mario World Arrangement,Super Mario World Arrangement,,7,Casual,Standard,,,,
Super Mario World Beta,Super Mario World Beta,,17,Newcomer,Standard,,,,
Super Mario World Bowser's Vacation (JPN),Super Mario World Bowser's Vacation (JPN),,36,Intermediate,Standard,,,,
Super Mario World Central Production 2,Super Mario World Central Production 2,,108,Intermediate,Standard,,,,
Super Mario World Challenges,Super Mario World Challenges,,12,Advanced,Standard,,,,
Super Mario World Challenges 2,Super Mario World Challenges 2,,6,Advanced,Standard,,,,
Super Mario World Classic Comebacks,Super Mario World Classic Comebacks,,7,Newcomer,Standard,,,,
Super Mario World Competition Cartridge,Super Mario World Competition Cartridge,,0,Newcomer,Standard,,,,
Super Mario World feat. Marisa Kirisame,Super Mario World feat. Marisa Kirisame,,5,Casual,Standard,,,,
Super Mario World Future The Shadow Queen Returns 2021,Super Mario World Future The Shadow Queen Returns 2021,,52,Casual,Standard,,,,
Super Mario World Hacks 101,Super Mario World Hacks 101,,20,Casual,Standard,,,,
Super Mario World II,Super Mario World II,,97,Intermediate,Standard,,,,
Super Mario World Master Quest 1,Super Mario World Master Quest 1,,96,Casual,Standard,,,,
Super Mario World Master Quest 2,Super Mario World Master Quest 2,,96,Casual,Standard,,,,
Super Mario World Master Quest 3: The Adventure Of Mario,Super Mario World Master Quest 3: The Adventure Of Mario,,100,Intermediate,Standard,,,,
Super Mario World Master Quest 4: Redrawn,Super Mario World Master Quest 4: Redrawn,,70,Casual,Standard,,,,
Super Mario World Master Quest 8: The Final Quest,Super Mario World Master Quest 8: The Final Quest,,120,Casual,Standard,,,,
Super Mario World Master Quest Reborn,Super Mario World Master Quest Reborn,,89,Intermediate,Standard,,,,
Super Mario World Mix,Super Mario World Mix,,29,Intermediate,Standard,,,,
Super Mario World Random Revolution X,Super Mario World Random Revolution X,,0,Advanced,Standard,,,,
Super Mario World Reloaded,Super Mario World Reloaded,,6,Newcomer,Standard,,,,
Super Mario World Remix,Super Mario World Remix,,32,Intermediate,Standard,,,,
Super Mario World Revamped,Super Mario World Revamped,,5,Casual,Standard,,,,
Super Mario World Ridley X Hack,Super Mario World Ridley X Hack,,52,Casual,Standard,,,,
Super Mario World The Forest  Adventure,Super Mario World The Forest  Adventure,,1,Advanced,Kaizo,,,,
Super Mario World The Garden,Super Mario World The Garden,,1,Expert,Kaizo,,,,
Super Mario World The Pit Version,Super Mario World The Pit Version,,1,Expert,"Tool-Assisted, Pit",,,,
Super Mario World the Reture,Super Mario World the Reture,,6,Casual,Standard,,,,
Super Mario World Ultra,Super Mario World Ultra,,13,Casual,Standard,,,,
"Super Mario World: ""Not Over Yet""","Super Mario World: ""Not Over Yet""",,8,Casual,Standard,,,,
Super Mario World: A New Adventure 2,Super Mario World: A New Adventure 2,,5,Newcomer,Standard,,,,
Super Mario World: A Pineapple Kingdom,Super Mario World: A Pineapple Kingdom,,6,Newcomer,Standard,,,,
Super Mario World: A Super Mario Adventure,Super Mario World: A Super Mario Adventure,,50,Casual,Standard,,,,
Super Mario World: A Super Mario Adventure 2 (V2.0),Super Mario World: A Super Mario Adventure 2 (V2.0),,69,Intermediate,Standard,,,,
Super Mario World: A Super Mario Adventure 3,Super Mario World: A Super Mario Adventure 3,,94,Intermediate,Standard,,,,
Super Mario World: Adventure in Forest Land,Super Mario World: Adventure in Forest Land,,34,Intermediate,Standard,,,,
Super Mario World: Adventures On Petite Island,Super Mario World: Adventures On Petite Island,,7,Intermediate,Standard,,,,
Super Mario World: Again in Dinosaur Land,Super Mario World: Again in Dinosaur Land,,10,Casual,Standard,,,,
Super Mario World: Another Pointless Adventure,Super Mario World: Another Pointless Adventure,,5,Casual,Standard,,,,
Super Mario World: Blue Flamingo,Super Mario World: Blue Flamingo,,8,Casual,Standard,,,,
Super Mario World: Bowser's Cataclysmic Trap,Super Mario World: Bowser's Cataclysmic Trap,,82,Casual,Standard,,,,
Super Mario World: Bowser's Kaizo Conspiracy,Super Mario World: Bowser's Kaizo Conspiracy,,102,Casual,Standard,,,,
Super Mario World: Bowser's Trial,Super Mario World: Bowser's Trial,,7,Newcomer,Standard,,,,
Super Mario World: Challenge Worlds,Super Mario World: Challenge Worlds,,11,Casual,Standard,,,,
Super Mario World: Christmas Edition,Super Mario World: Christmas Edition,,28,Casual,Standard,,,,
Super Mario World: Dark Sniggerbobblian Mythos #2: Sniggerbobble's Redemption: The Crystal of Disaster,Super Mario World: Dark Sniggerbobblian Mythos #2: Sniggerbobble's Redemption: The Crystal of Disaster,,8,Newcomer,Standard,,,,
Super Mario World: Dungeon Conquest - C3 Demo,Super Mario World: Dungeon Conquest - C3 Demo,,36,Casual,Standard,,,,
Super Mario World: Emberside Island,Super Mario World: Emberside Island,,6,Casual,Standard,,,,
Super Mario World: Glitch Land,Super Mario World: Glitch Land,,3,Advanced,"Kaizo, Tool-Assisted",,,,
Super Mario World: Hehey!,Super Mario World: Hehey!,,3,Intermediate,Standard,,,,
Super Mario World: Hunt for the Dragon Coins,Super Mario World: Hunt for the Dragon Coins,,7,Newcomer,Standard,,,,
Super Mario World: Iggy's Island,Super Mario World: Iggy's Island,,5,Newcomer,Standard,,,,
Super Mario World: Journey To Plover Hill,Super Mario World: Journey To Plover Hill,,8,Newcomer,Standard,,,,
Super Mario World: Jurassic Path,Super Mario World: Jurassic Path,,6,Newcomer,Standard,,,,
Super Mario World: La Nouvelle Vague,Super Mario World: La Nouvelle Vague,,6,Newcomer,Standard,,,,
Super Mario World: Legend of the Four Keys,Super Mario World: Legend of the Four Keys,,43,Casual,Standard,,,,
Super Mario World: Moving Day,Super Mario World: Moving Day,,7,Newcomer,Standard,,,,
Super Mario World: Panic In Eglet Islands,Super Mario World: Panic In Eglet Islands,,6,Casual,Standard,,,,
Super Mario World: Quest up Mount Morlock.,Super Mario World: Quest up Mount Morlock.,,29,Intermediate,Standard,,,,
Super Mario World: Return To Dinosaur Land,Super Mario World: Return To Dinosaur Land,,59,Casual,Standard,,,,
Super Mario World: Season 2,Super Mario World: Season 2,,92,Casual,Standard,,,,
Super Mario World: Season 3,Super Mario World: Season 3,,29,Casual,Standard,,,,
Super Mario World: Seasonal Chaos!,Super Mario World: Seasonal Chaos!,,5,Newcomer,Standard,,,,
Super Mario World: Serbow's Assault,Super Mario World: Serbow's Assault,,28,Casual,Standard,,,,
Super Mario World: Shy-Shy Island,Super Mario World: Shy-Shy Island,,5,Casual,Standard,,,,
Super Mario World: The 4 Magic Wands,Super Mario World: The 4 Magic Wands,,24,Casual,Standard,,,,
Super Mario World: The 7 Elemental Yoshies,Super Mario World: The 7 Elemental Yoshies,,7,Newcomer,Standard,,,,
Super Mario World: The 7 Koopalings Return,Super Mario World: The 7 Koopalings Return,,15,Casual,Standard,,,,
Super Mario World: The After Years (Ultra),Super Mario World: The After Years (Ultra),,100,Casual,Standard,,,,
Super Mario World: The Crazy Quest,Super Mario World: The Crazy Quest,,6,Casual,Standard,,,,
Super Mario World: The Final Showdown!,Super Mario World: The Final Showdown!,,10,Newcomer,Standard,,,,
Super Mario World: The Huge Adventure,Super Mario World: The Huge Adventure,,31,Casual,Standard,,,,
Super Mario World: The Lost Adventure - Episode I REMASTERED,Super Mario World: The Lost Adventure - Episode I REMASTERED,,93,Casual,Standard,,,,
Super Mario World: The Lost Levels,Super Mario World: The Lost Levels,,106,Master,Standard,,,,
Super Mario World: The Magical Golden Mushroom,Super Mario World: The Magical Golden Mushroom,,70,Intermediate,Standard,,,,
Super Mario World: The Magical Wand,Super Mario World: The Magical Wand,,6,Casual,Standard,,,,
Super Mario World: The Megaman 29th anniversary adventure,Super Mario World: The Megaman 29th anniversary adventure,,90,Casual,Standard,,,,
Super Mario World: The Meteor...,Super Mario World: The Meteor...,,7,Casual,Standard,,,,
Super Mario World: The Mysterious Armada,Super Mario World: The Mysterious Armada,,8,Casual,Standard,,,,
Super Mario World: The New World,Super Mario World: The New World,,26,Casual,Standard,,,,
Super Mario World: The Return of Bowser,Super Mario World: The Return of Bowser,,7,Intermediate,Standard,,,,
Super Mario World: The Secret of 4 Colour Switch,Super Mario World: The Secret of 4 Colour Switch,,9,Intermediate,Standard,,,,
Super Mario World: The Secret of the 7 Golden Statues,Super Mario World: The Secret of the 7 Golden Statues,,86,Intermediate,Standard,,,,
Super Mario World: The Secret of the Lands!,Super Mario World: The Secret of the Lands!,,22,Casual,Standard,,,,
Super Mario World: The Star Field,Super Mario World: The Star Field,,58,Intermediate,Standard,,,,
Super Mario World: Twentieth Anniversary Edition,Super Mario World: Twentieth Anniversary Edition,,21,Newcomer,Standard,,,,
Super Mario World: Uber Edition,Super Mario World: Uber Edition,,6,Newcomer,Standard,,,,
Super Mario World: Winter's Delight,Super Mario World: Winter's Delight,,4,Newcomer,Standard,,,,
Super Mario World-2,Super Mario World-2,,90,Advanced,Standard,,,,
Super Mario World²,Super Mario World²,,6,Newcomer,Standard,,,,
Super Mario World-3,Super Mario World-3,,111,Expert,Standard,,,,
Super Mario Worldwide,Super Mario Worldwide,,28,Casual,Standard,,,,
Super Mario Worldwide 2,Super Mario Worldwide 2,,66,Casual,Standard,,,,
Super Mario Wornilla,Super Mario Wornilla,,77,Intermediate,Standard,,,,
Super Mario Wornilla - Lost Levels,Super Mario Wornilla - Lost Levels,,20,Master,Kaizo,,,,
Super Mario X,Super Mario X,,7,Newcomer,Standard,,,,
Super Mario Yggdrasil,Super Mario Yggdrasil,,30,Casual,Standard,,,,
Super Mario: A Familiar Land,Super Mario: A Familiar Land,,7,Casual,Standard,,,,
Super Mario: A New Beginning,Super Mario: A New Beginning,,30,Intermediate,Standard,,,,
Super Mario: Bowser's Last Stand,Super Mario: Bowser's Last Stand,,12,Casual,Standard,,,,
Super Mario: Bowser's Shinedown,Super Mario: Bowser's Shinedown,,6,Newcomer,Standard,,,,
Super Mario: Buried Treasure,Super Mario: Buried Treasure,,23,Casual,Standard,,,,
Super Mario: Christmas Season,Super Mario: Christmas Season,,1,Newcomer,Standard,,,,
Super Mario: Daisy's Kidnapping,Super Mario: Daisy's Kidnapping,,32,Casual,Standard,,,,
Super Mario: Grand Journey,Super Mario: Grand Journey,,15,Casual,Standard,,,,
Super Mario: Hunter's Revenge 2,Super Mario: Hunter's Revenge 2,,40,Casual,Standard,,,,
Super Mario: Hunter's Revenge 3,Super Mario: Hunter's Revenge 3,,58,Intermediate,Standard,,,,
Super Mario: Mushroom Legacy,Super Mario: Mushroom Legacy,,4,Newcomer,Standard,,,,
Super Mario: Nozom Quest (Level Sampler),Super Mario: Nozom Quest (Level Sampler),,6,Intermediate,Standard,,,,
Super Mario: Oiram's Invasion,Super Mario: Oiram's Invasion,,12,Casual,Standard,,,,
Super Mario: Other World,Super Mario: Other World,,31,Casual,Standard,,,,
Super Mario: RamzaProject,Super Mario: RamzaProject,,6,Casual,Standard,,,,
Super Mario: Star Seeker,Super Mario: Star Seeker,,5,Casual,Standard,,,,
Super Mario: Summer Gone Wrong,Super Mario: Summer Gone Wrong,,5,Newcomer,Standard,,,,
Super Mario: The Cookie Crisis,Super Mario: The Cookie Crisis,,46,Casual,Standard,,,,
Super Mario: The Egg Rescue,Super Mario: The Egg Rescue,,1,Casual,Standard,,,,
Super Mario: The Evil Coalition,Super Mario: The Evil Coalition,,16,Newcomer,Standard,,,,
Super Mario: The Five Castles Challenge,Super Mario: The Five Castles Challenge,,5,Expert,Kaizo,,,,
Super Mario: The Friends' Rescue,Super Mario: The Friends' Rescue,,12,Casual,Standard,,,,
Super Mario: The Infection,Super Mario: The Infection,,8,Intermediate,Standard,,,,
Super Mario: The Quest for Breakfast,Super Mario: The Quest for Breakfast,,19,Casual,Standard,,,,
Super Mario: Toadworth's Disappearance,Super Mario: Toadworth's Disappearance,,35,Newcomer,Standard,,,,
Super Mario: Ucronia,Super Mario: Ucronia,,5,Newcomer,Standard,,,,
Super Mario: Universos Paralelos,Super Mario: Universos Paralelos,,14,Casual,Standard,,,,
Super Mario's Adventure To Waste Time,Super Mario's Adventure To Waste Time,,6,Advanced,"Kaizo, Tool-Assisted",,,,
Super Mario's Island Hopping Adventure,Super Mario's Island Hopping Adventure,,10,Newcomer,Standard,,,,
Super Mario's Legend Quest!,Super Mario's Legend Quest!,,11,Newcomer,Standard,,,,
Super Mario's Legend: Vacations at the Tropics,Super Mario's Legend: Vacations at the Tropics,,9,Casual,Standard,,,,
Super Mario's New Adventure 2: The Villain's Revenge,Super Mario's New Adventure 2: The Villain's Revenge,,10,Newcomer,Standard,,,,
Super Mario's New Adventure: The Plumber's Fury,Super Mario's New Adventure: The Plumber's Fury,,25,Casual,Standard,,,,
Super Mario's Wacky Worlds SD,Super Mario's Wacky Worlds SD,,25,Intermediate,Standard,,,,
Super Marisa Adventure World,Super Marisa Adventure World,,101,Master,"Standard, Kaizo",,,,
Super Marisa Adventure World 2 - Mari Mari Back Forward Around,Super Marisa Adventure World 2 - Mari Mari Back Forward Around,,96,Master,"Standard, Kaizo",,,,
Super Mawaru World,Super Mawaru World,,15,Master,Kaizo,,,,
Super Melas World,Super Melas World,,11,Advanced,Kaizo,,,,
Super Mez World,Super Mez World,,20,Advanced,Kaizo,,,,
Super Mio World,Super Mio World,,13,Expert,Kaizo,,,,
Super Mirror Dimension,Super Mirror Dimension,,17,Expert,Kaizo,,,,
Super Mish World,Super Mish World,,6,Advanced,Standard,,,,
Super Mona World,Super Mona World,,4,Intermediate,Kaizo,,,,
Super Monty World,Super Monty World,,31,Expert,Kaizo,,,,
Super Moo World,Super Moo World,,16,Intermediate,Kaizo,,,,
Super Muncher Slopes,Super Muncher Slopes,,12,Master,Kaizo,,,,
Super Mushroom Planet,Super Mushroom Planet,,11,Newcomer,Standard,,,,
Super N3TS Kaizo World 1,Super N3TS Kaizo World 1,,6,Advanced,Kaizo,,,,
Super N3TS Kaizo World 2,Super N3TS Kaizo World 2,,22,Expert,Kaizo,,,,
Super N3TS Kaizo World 3 ( Revenge Of The Lost Shells ),Super N3TS Kaizo World 3 ( Revenge Of The Lost Shells ),,30,Master,Kaizo,,,,
Super N450 World,Super N450 World,,10,Casual,Standard,,,,
Super Nambona World,Super Nambona World,,1,Expert,"Kaizo, Tool-Assisted",,,,
Super Nana World,Super Nana World,,14,Expert,Kaizo,,,,
Super Nantucket World,Super Nantucket World,,8,Intermediate,Kaizo,,,,
Super Napu World,Super Napu World,,22,Advanced,Kaizo,,,,
Super Nario World,Super Nario World,,10,Intermediate,Standard,,,,
Super NemMeViu World,Super NemMeViu World,,23,Intermediate,Standard,,,,
Super NemMeViu World 2,Super NemMeViu World 2,,21,Intermediate,"Standard, Kaizo",,,,
Super Nessy World,Super Nessy World,,4,Master,Kaizo,,,,
Super Nessy World 2,Super Nessy World 2,,10,Expert,"Standard, Kaizo",,,,
Super Ninji Land,Super Ninji Land,,30,Casual,Standard,,,,
Super Ninji Land 2: A Ninji's Journey,Super Ninji Land 2: A Ninji's Journey,,42,Intermediate,Standard,,,,
Super Ninji Land Reawakened,Super Ninji Land Reawakened,,50,Casual,Standard,,,,
Super Normal World,Super Normal World,,14,Intermediate,Standard,,,,
Super Nostalgia World,Super Nostalgia World,,7,Newcomer,Standard,,,,
Super Nothing World,Super Nothing World,,25,Advanced,"Standard, Kaizo",,,,
Super Nova,Super Nova,,18,Expert,Kaizo,,,,
Super Nova Deluxe,Super Nova Deluxe,,18,Advanced,Kaizo,,,,
Super Nova World,Super Nova World,,19,Intermediate,Standard,,,,
Super Odd World,Super Odd World,,21,Expert,Kaizo,,,,
Super Odd World 2,Super Odd World 2,,5,Newcomer,Standard,,,,
Super Omelette World,Super Omelette World,,29,Newcomer,Standard,,,,
Super One Point Oh,Super One Point Oh,,6,Expert,Kaizo,,,,
Super Only Up with Fennet Boddy's Jump Prince,Super Only Up with Fennet Boddy's Jump Prince,,0,Master,Kaizo,,,,
Super Ordinary World,Super Ordinary World,,14,Expert,Kaizo,,,,
Super Oreetv World,Super Oreetv World,,23,Expert,Kaizo,,,,
Super Panga World,Super Panga World,,12,Master,Kaizo,,,,
Super Paper Luigi,Super Paper Luigi,,4,Newcomer,Standard,,,,
Super pcclub88 World,Super pcclub88 World,,9,Expert,Kaizo,,,,
Super pcclub88 World II: The Return of the Fog,Super pcclub88 World II: The Return of the Fog,,7,Master,Kaizo,,,,
Super Peach World,Super Peach World,,35,Advanced,Standard,,,,
Super Peggy World,Super Peggy World,,13,Intermediate,Kaizo,,,,
Super Penny World,Super Penny World,,16,Expert,Kaizo,,,,
Super Pika Land Ultra: Chocolate Version,Super Pika Land Ultra: Chocolate Version,,60,Advanced,Standard,,,,
Super Pika Land Ultra: Vanilla Version,Super Pika Land Ultra: Vanilla Version,,78,Intermediate,Standard,,,,
Super PKlepek World,Super PKlepek World,,9,Advanced,Kaizo,,,,
super place land!,super place land!,,5,Newcomer,Standard,,,,
Super Plinko World,Super Plinko World,,75,Casual,Standard,,,,
Super Plumber Mario World,Super Plumber Mario World,,18,Casual,Standard,,,,
Super Practice World,Super Practice World,,4,Intermediate,Kaizo,,,,
Super Puzzle Land 2 - Remastered,Super Puzzle Land 2 - Remastered,,28,Expert,"Kaizo, Puzzle",,,,
Super Race World,Super Race World,,5,Intermediate,Standard,,,,
Super RDK,Super RDK,,15,Advanced,Kaizo,,,,
Super Reasonable World,Super Reasonable World,,16,Master,Kaizo,,,,
Super Refund World,Super Refund World,,22,Grandmaster,Kaizo,,,,
Super Regiane-se,Super Regiane-se,,19,Advanced,Kaizo,,,,
Super Reimu World Return To Hack,Super Reimu World Return To Hack,,77,Intermediate,Standard,,,,
Super Responsible World,Super Responsible World,,20,Grandmaster,Kaizo,,,,
Super Riff World,Super Riff World,,26,Master,Kaizo,,,,
Super Rtyuio World: Part 1,Super Rtyuio World: Part 1,,34,Casual,Standard,,,,
Super Run World,Super Run World,,25,Advanced,Kaizo,,,,
Super Russian World,Super Russian World,,23,Advanced,Standard,,,,
Super Russian World Prequel,Super Russian World Prequel,,10,Advanced,Standard,,,,
Super Ryu World,Super Ryu World,,14,Advanced,Kaizo,,,,
Super Ryu World 2,Super Ryu World 2,,17,Expert,Kaizo,,,,
Super Sabor World Deluxe,Super Sabor World Deluxe,,22,Expert,Kaizo,,,,
Super Salary World,Super Salary World,,4,Expert,Kaizo,,,,
Super Samuroy Adventures,Super Samuroy Adventures,,11,Intermediate,"Kaizo, Tool-Assisted",,,,
Super Sauce Search,Super Sauce Search,,10,Casual,Standard,,,,
Super Schrausch World,Super Schrausch World,,23,Expert,Kaizo,,,,
Super Schrausch World 2,Super Schrausch World 2,,18,Expert,Kaizo,,,,
Super Sekai World,Super Sekai World,,25,Expert,Kaizo,,,,
Super SGES Races season 1+2,Super SGES Races season 1+2,,10,Intermediate,Kaizo,,,,
Super Sheffy World 2: The Quest for 5 Shells,Super Sheffy World 2: The Quest for 5 Shells,,13,Master,Kaizo,,,,
Super Sheffy World Deluxe,Super Sheffy World Deluxe,,15,Expert,Kaizo,,,,
Super shell world,Super shell world,,11,Advanced,Kaizo,,,,
Super ShyGuy's Epic Journey,Super ShyGuy's Epic Journey,,9,Advanced,Kaizo,,,,
Super Sickos World,Super Sickos World,,11,Advanced,Standard,,,,
Super Sigma World,Super Sigma World,,14,Intermediate,Kaizo,,,,
Super Skyler World,Super Skyler World,,3,Casual,Standard,,,,
Super Slider World,Super Slider World,,7,Intermediate,Kaizo,,,,
Super Slim World,Super Slim World,,18,Intermediate,Kaizo,,,,
Super Smile Face World,Super Smile Face World,,20,Newcomer,Standard,,,,
Super Special World,Super Special World,,105,Intermediate,Standard,,,,
Super Speed World,Super Speed World,,4,Intermediate,"Standard, Kaizo",,,,
Super Spice World,Super Spice World,,6,Casual,Standard,,,,
Super Sponge World,Super Sponge World,,5,Intermediate,Standard,,,,
Super Stacey World,Super Stacey World,,15,Advanced,Kaizo,,,,
Super Struggler World,Super Struggler World,,13,Intermediate,Kaizo,,,,
super super com,super super com,,18,Casual,Standard,,,,
Super Super Duper World,Super Super Duper World,,8,Expert,Kaizo,,,,
Super Sweg World,Super Sweg World,,8,Casual,Standard,,,,
Super Swordi World,Super Swordi World,,33,Expert,Kaizo,,,,
Super Swordi World 2,Super Swordi World 2,,14,Expert,Kaizo,,,,
Super Swunsh World,Super Swunsh World,,11,Expert,Kaizo,,,,
Super Swunsh World 2,Super Swunsh World 2,,17,Expert,Kaizo,,,,
Super Tanoshii World,Super Tanoshii World,,9,Intermediate,Kaizo,,,,
Super Tapes World,Super Tapes World,,9,Advanced,Kaizo,,,,
Super Tesla World,Super Tesla World,,20,Expert,Kaizo,,,,
Super Thesis World,Super Thesis World,,11,Expert,Kaizo,,,,
Super This Hack Is Registered As Leathal Weapon World,Super This Hack Is Registered As Leathal Weapon World,,9,Master,Kaizo,,,,
Super Toest World,Super Toest World,,12,Expert,Kaizo,,,,
Super Toshio World,Super Toshio World,,14,Expert,Kaizo,,,,
Super Tr-lol World,Super Tr-lol World,,7,Casual,Standard,,,,
Super UltiMario World,Super UltiMario World,,19,Casual,Standard,,,,
Super Unethical Stuff I Built for GlitchCat7 Because He Told Me To World,Super Unethical Stuff I Built for GlitchCat7 Because He Told Me To World,,11,Master,Kaizo,,,,
Super Unethical Stuff I Built for Thabeast721 Because He Told Me To World,Super Unethical Stuff I Built for Thabeast721 Because He Told Me To World,,11,Master,Kaizo,,,,
Super Vanilla World,Super Vanilla World,,23,Casual,Standard,,,,
Super Video World,Super Video World,,17,Intermediate,Kaizo,,,,
Super Video World 2,Super Video World 2,,11,Advanced,Kaizo,,,,
Super Wahnthac World,Super Wahnthac World,,11,Expert,Kaizo,,,,
Super Wahnthac World 2,Super Wahnthac World 2,,12,Expert,Kaizo,,,,
Super Wakana Land,Super Wakana Land,,69,Advanced,Standard,,,,
Super Waluigi World Thwompz Fortress,Super Waluigi World Thwompz Fortress,,11,Intermediate,Kaizo,,,,
Super Waluigi: Rescue Wario,Super Waluigi: Rescue Wario,,11,Casual,Standard,,,,
Super Wario World,Super Wario World,,31,Advanced,Kaizo,,,,
Super Wario World 2: The Four Castles,Super Wario World 2: The Four Castles,,22,Expert,Kaizo,,,,
Super Wario World Mini Quest Update 2 + Bonus Pack,Super Wario World Mini Quest Update 2 + Bonus Pack,,23,Casual,Standard,,,,
Super Weekend World,Super Weekend World,,3,Intermediate,Kaizo,,,,
Super What World,Super What World,,3,Master,"Kaizo, Puzzle",,,,
Super Whatever Quest!!!,Super Whatever Quest!!!,,36,Advanced,"Standard, Kaizo",,,,
Super Wisdom Quest,Super Wisdom Quest,,25,Intermediate,Standard,,,,
Super World,Super World,,14,Advanced,Kaizo,,,,
Super Wow,Super Wow,,13,Intermediate,Kaizo,,,,
Super Xtreme World,Super Xtreme World,,11,Casual,Standard,,,,
Super Yeet World,Super Yeet World,,7,Expert,Kaizo,,,,
Super Yoshi's Land 1 – An Adventure to Rescue Mario!,Super Yoshi's Land 1 – An Adventure to Rescue Mario!,,25,Casual,Standard,,,,
super you are the best,super you are the best,,16,Expert,Kaizo,,,,
Super Zoulzi World,Super Zoulzi World,,3,Advanced,Kaizo,,,,
Supercontinent World,Supercontinent World,,12,Master,Kaizo,,,,
SuperKazuWorld,SuperKazuWorld,,9,Expert,Kaizo,,,,
supernaydropzsmm2,supernaydropzsmm2,,15,Intermediate,Kaizo,,,,
Superstar Mario World,Superstar Mario World,,63,Intermediate,Standard,,,,
Survivor,Survivor,,1,Advanced,Kaizo,,,,
Suupaa Mario-sama Seken,Suupaa Mario-sama Seken,,6,Casual,Standard,,,,
SV Bounce World,SV Bounce World,,15,Master,Kaizo,,,,
SV Bounce World 2,SV Bounce World 2,,10,Master,Kaizo,,,,
SV Practice World,SV Practice World,,13,Intermediate,Kaizo,,,,
SV State World,SV State World,,13,Expert,Kaizo,,,,
Sweet Dream Agnes,Sweet Dream Agnes,,14,Expert,Kaizo,,,,
Sweet n' Sour,Sweet n' Sour,,27,Expert,Kaizo,,,,
Sweet Shell,Sweet Shell,,13,Intermediate,Kaizo,,,,
Sweet World,Sweet World,,12,Intermediate,Kaizo,,,,
Swiftly 17,Swiftly 17,,17,Advanced,Kaizo,,,,
T3rminus: Journey´s End,T3rminus: Journey´s End,,9,Expert,Kaizo,,,,
Tajna and the Mana Seeds,Tajna and the Mana Seeds,,6,Casual,Standard,,,,
Take It Easy World,Take It Easy World,,17,Advanced,Kaizo,,,,
Takemoto Inspired,Takemoto Inspired,,2,Advanced,Kaizo,,,,
Takeshi Yumping Simulator,Takeshi Yumping Simulator,,1,Master,Kaizo,,,,
Tales of Nean,Tales of Nean,,24,Casual,Standard,,,,
TaleSpin,TaleSpin,,11,Grandmaster,Kaizo,,,,
Talikuu Quest,Talikuu Quest,,14,Newcomer,Standard,,,,
Tangle's Trip,Tangle's Trip,,11,Advanced,Standard,,,,
Tartastrophe: a very sticky hack,Tartastrophe: a very sticky hack,,1,Grandmaster,Kaizo,,,,
Tatsujin Mario part 1,Tatsujin Mario part 1,,89,Grandmaster,Kaizo,,,,
Tatsujin Mario part 2,Tatsujin Mario part 2,,89,Grandmaster,Kaizo,,,,
TDC Shells Edition,TDC Shells Edition,,0,Advanced,Kaizo,,,,
Teamwork Mario,Teamwork Mario,,8,Expert,Kaizo,,,,
Tears Joy and Happiness v1.1,Tears Joy and Happiness v1.1,,21,Master,Kaizo,,,,
Tebeo,Tebeo,,24,Expert,Kaizo,,,,
Tebeo 2,Tebeo 2,,20,Expert,Kaizo,,,,
Technicolor Mario World,Technicolor Mario World,,16,Casual,Standard,,,,
Teh Hack,Teh Hack,,5,Casual,Standard,,,,
Teh Hack 2,Teh Hack 2,,26,Casual,Standard,,,,
Ten,Ten,,10,Casual,Standard,,,,
TEN A-Side,TEN A-Side,,10,Advanced,Standard,,,,
TEN B-Side,TEN B-Side,,10,Advanced,Standard,,,,
Terminus,Terminus,,11,Advanced,Kaizo,,,,
Terminus 2,Terminus 2,,15,Expert,Kaizo,,,,
Terra,Terra,,21,Expert,Kaizo,,,,
Terraria,Terraria,,4,Casual,Standard,,,,
TERRIBLE,TERRIBLE,,12,Casual,Standard,,,,
te's Exo,te's Exo,,0,Intermediate,Standard,,,,
test.smc | The old and new Mario World,test.smc | The old and new Mario World,,41,Intermediate,Standard,,,,
"Thanks, I hate it","Thanks, I hate it",,5,Advanced,Kaizo,,,,
Thanksgiving Hack,Thanksgiving Hack,,6,Intermediate,Standard,,,,
'the,'the,,1,Casual,Standard,,,,
The 11th Annual Vanilla Level Design Contest: Compilation Hack,The 11th Annual Vanilla Level Design Contest: Compilation Hack,,116,Intermediate,Standard,,,,
The 12th Annual Vanilla Level Design Contest: Compilation Hack,The 12th Annual Vanilla Level Design Contest: Compilation Hack,,131,Intermediate,Standard,,,,
The 1st Annual Vanilla Level Design Contest: Compilation Hack,The 1st Annual Vanilla Level Design Contest: Compilation Hack,,76,Intermediate,Standard,,,,
The 1st Old-School Level Design Contest: Compilation Hack,The 1st Old-School Level Design Contest: Compilation Hack,,113,Intermediate,Standard,,,,
The 2nd Old-School Level Design Contest: Compilation Hack,The 2nd Old-School Level Design Contest: Compilation Hack,,150,Intermediate,Standard,,,,
The 3 Little Princesses,The 3 Little Princesses,,27,Intermediate,Standard,,,,
The 4 Heroes Of The Great Land,The 4 Heroes Of The Great Land,,37,Advanced,Standard,,,,
The 4 Keys of Safety,The 4 Keys of Safety,,6,Newcomer,Standard,,,,
The 5 Dragon Gems,The 5 Dragon Gems,,10,Casual,Standard,,,,
The 5 Keys,The 5 Keys,,5,Newcomer,Standard,,,,
The 6th Annual Vanilla Level Design Contest: Compilation Hack,The 6th Annual Vanilla Level Design Contest: Compilation Hack,,114,Intermediate,Standard,,,,
The 7th Annual Vanilla Level Design Contest: Compilation Hack,The 7th Annual Vanilla Level Design Contest: Compilation Hack,,86,Intermediate,Standard,,,,
The 8th Annual Vanilla Level Design Contest: Compilation Hack,The 8th Annual Vanilla Level Design Contest: Compilation Hack,,121,Advanced,Standard,,,,
The 9th Annual Vanilla Level Design Contest: Compilation Hack,The 9th Annual Vanilla Level Design Contest: Compilation Hack,,152,Advanced,Standard,,,,
The Adventures of Bucken Berry and Ala-Gold,The Adventures of Bucken Berry and Ala-Gold,,93,Intermediate,Standard,,,,
The Adventures Of Super Mario,The Adventures Of Super Mario,,6,Newcomer,Standard,,,,
The Amazing Autowalk Adventure,The Amazing Autowalk Adventure,,14,Master,Kaizo,,,,
The Art of Shells,The Art of Shells,,10,Expert,Kaizo,,,,
The artifacts of marvelous birds,The artifacts of marvelous birds,,45,Casual,Standard,,,,
The Baby Rescue - Starring Yoshi & Friends!,The Baby Rescue - Starring Yoshi & Friends!,,10,Advanced,Kaizo,,,,
The Big Boo's Legion,The Big Boo's Legion,,10,Newcomer,Standard,,,,
The Big Boo's Legion 2: The Curse of the Magic Wand,The Big Boo's Legion 2: The Curse of the Magic Wand,,8,Casual,Standard,,,,
The Big Fish Chrisis,The Big Fish Chrisis,,3,Casual,Standard,,,,
The Big Five,The Big Five,,5,Intermediate,"Kaizo, Tool-Assisted",,,,
The Bonus Rooms,The Bonus Rooms,,0,Newcomer,Standard,,,,
The Cave of Loathing,The Cave of Loathing,,1,Master,Kaizo,,,,
The Cave of Loathing 2,The Cave of Loathing 2,,1,Grandmaster,Kaizo,,,,
The Chamber of 32 Doors,The Chamber of 32 Doors,,0,Expert,Kaizo,,,,
The Clockwork Chronicles,The Clockwork Chronicles,,12,Expert,Kaizo,,,,
The Coin Hunt,The Coin Hunt,,6,Newcomer,Standard,,,,
The Coin Hunt 2,The Coin Hunt 2,,9,Casual,Standard,,,,
The Conventional Isle,The Conventional Isle,,12,Expert,Kaizo,,,,
The Crimson Castle,The Crimson Castle,,14,Master,Kaizo,,,,
The Darkside REMASTERED,The Darkside REMASTERED,,12,Expert,Kaizo,,,,
The Devious Four Chronicles 3: The Crater,The Devious Four Chronicles 3: The Crater,,100,Intermediate,Standard,,,,
The Devious Four Chronicles 4: Hunter's Revenge ReVised,The Devious Four Chronicles 4: Hunter's Revenge ReVised,,107,Intermediate,Standard,,,,
The Devious Four Chronicles 6 : The Fourth Sector,The Devious Four Chronicles 6 : The Fourth Sector,,102,Intermediate,Standard,,,,
The Devious Four Chronicles 8 : Goddess Robes,The Devious Four Chronicles 8 : Goddess Robes,,23,Casual,Standard,,,,
The Dimensional Castle Starring Aeron,The Dimensional Castle Starring Aeron,,4,Advanced,"Standard, Kaizo",,,,
The Duality of Mario,The Duality of Mario,,4,Expert,Kaizo,,,,
The Eggs Of Saear,The Eggs Of Saear,,32,Newcomer,Standard,,,,
The Epic Quest Of Birdo The Pink Dinosaur,The Epic Quest Of Birdo The Pink Dinosaur,,34,Intermediate,Standard,,,,
The Epic Quest Of Birdo The Pink Dinosaur Dark Behaviours,The Epic Quest Of Birdo The Pink Dinosaur Dark Behaviours,,41,Intermediate,Standard,,,,
The Epic Quest Of Birdo The Vampire Subcon Journey,The Epic Quest Of Birdo The Vampire Subcon Journey,,44,Intermediate,Standard,,,,
The Evil Maze,The Evil Maze,,4,Intermediate,Standard,,,,
The Expansion of the Combat Zone,The Expansion of the Combat Zone,,8,Grandmaster,Kaizo,,,,
The Fallen Star,The Fallen Star,,8,Casual,Standard,,,,
The Fellership,The Fellership,,12,Expert,Kaizo,,,,
The First Round,The First Round,,0,Intermediate,Kaizo,,,,
the first smw hack that will ever be so lucky as to gain the luxury of leaving my pc,the first smw hack that will ever be so lucky as to gain the luxury of leaving my pc,,13,Casual,Standard,,,,
"The Five ""Five Room"" Room Castle","The Five ""Five Room"" Room Castle",,5,Master,Kaizo,,,,
The Forest of Rovaki,The Forest of Rovaki,,8,Newcomer,Standard,,,,
"The Forever Mystery, Part One: Rescue!","The Forever Mystery, Part One: Rescue!",,49,Casual,Standard,,,,
"The Forever Mystery, Part Zero: Prologue","The Forever Mystery, Part Zero: Prologue",,7,Newcomer,Standard,,,,
The Forgotten Island,The Forgotten Island,,22,Casual,Standard,,,,
The Fort,The Fort,,1,Intermediate,"Kaizo, Tool-Assisted",,,,
The Found Levels featuring Aeron,The Found Levels featuring Aeron,,9,Advanced,"Standard, Kaizo",,,,
The Four Boos of the Apocalypse,The Four Boos of the Apocalypse,,16,Grandmaster,Kaizo,,,,
The Fragmented Realm,The Fragmented Realm,,12,Casual,Standard,,,,
The Friends We Made,The Friends We Made,,18,Master,Kaizo,,,,
The Fugue,The Fugue,,0,Newcomer,Standard,,,,
The Gatekeeper Strikes Again!!!,The Gatekeeper Strikes Again!!!,,17,Intermediate,Standard,,,,
The Getaway,The Getaway,,8,Expert,Kaizo,,,,
The Grassy Plains,The Grassy Plains,,4,Casual,Standard,,,,
The Great Giana Sisters,The Great Giana Sisters,,33,Newcomer,Standard,,,,
The Great Giana Sisters 2: Another Generical Hack,The Great Giana Sisters 2: Another Generical Hack,,28,Advanced,Standard,,,,
The Great Giana Sisters 3: The Forgotten Dream,The Great Giana Sisters 3: The Forgotten Dream,,5,Advanced,Standard,,,,
The Great Search,The Great Search,,0,Intermediate,Standard,,,,
The Green Plumber's Adventure: A Future Prequel,The Green Plumber's Adventure: A Future Prequel,,12,Casual,Standard,,,,
The grey chapter,The grey chapter,,4,Expert,Kaizo,,,,
The Hackening,The Hackening,,7,Expert,Kaizo,,,,
The Hackrooms,The Hackrooms,,0,Advanced,Standard,,,,
The Halloween Island,The Halloween Island,,9,Casual,Standard,,,,
The Hand Of Chaos,The Hand Of Chaos,,9,Casual,Standard,,,,
The Hangover,The Hangover,,53,Casual,Standard,,,,
The Hard,The Hard,,13,Grandmaster,Kaizo,,,,
The Haunt,The Haunt,,2,Casual,Standard,,,,
The Haunted Desert: OLD EDITION,The Haunted Desert: OLD EDITION,,1,Intermediate,Standard,,,,
The Haunted Desert: REMASTERED,The Haunted Desert: REMASTERED,,0,Casual,Standard,,,,
The Hodgepodge: A Collection of Would Be Scrapped Levels,The Hodgepodge: A Collection of Would Be Scrapped Levels,,10,Expert,Kaizo,,,,
The Hooray! - Fishing Season,The Hooray! - Fishing Season,,14,Casual,Standard,,,,
The House of Many Trolls,The House of Many Trolls,,1,Casual,Standard,,,,
The Hungrymumbles Project,The Hungrymumbles Project,,16,Advanced,Kaizo,,,,
The Hunt for the Chocolate Egg,The Hunt for the Chocolate Egg,,8,Casual,Standard,,,,
The Joy of Kaizo,The Joy of Kaizo,,54,Master,Kaizo,,,,
The Junkbox,The Junkbox,,6,Casual,Standard,,,,
The Last Journey,The Last Journey,,16,Expert,Kaizo,,,,
The Last Straw,The Last Straw,,14,Casual,Standard,,,,
The Left Hand of Rosalina,The Left Hand of Rosalina,,13,Expert,Kaizo,,,,
The Legend of Randorland 1 - The Rise of Randor - Resurrected,The Legend of Randorland 1 - The Rise of Randor - Resurrected,,37,Casual,Standard,,,,
The Legend of Randorland 3 - Randor's Eternal Empire,The Legend of Randorland 3 - Randor's Eternal Empire,,36,Casual,Standard,,,,
The Legend Of Red Plumber,The Legend Of Red Plumber,,22,Master,Kaizo,,,,
The Legend of Zelda - The Mini Quest,The Legend of Zelda - The Mini Quest,,14,Intermediate,Standard,,,,
The Legendary Bros.,The Legendary Bros.,,15,Casual,Standard,,,,
The Level,The Level,,2,Intermediate,Standard,,,,
The long way home,The long way home,,20,Advanced,Kaizo,,,,
The long way home 2,The long way home 2,,18,Advanced,Kaizo,,,,
The Lost Chapters - Chapter 1: Reminiscence,The Lost Chapters - Chapter 1: Reminiscence,,77,Intermediate,Standard,,,,
The Lost Land,The Lost Land,,2,Casual,Standard,,,,
The Lost Land 2: The 4 Switches,The Lost Land 2: The 4 Switches,,6,Casual,Standard,,,,
The Lost Land 3,The Lost Land 3,,15,Casual,Standard,,,,
The Lost Levels Enhanced,The Lost Levels Enhanced,,54,Intermediate,Standard,,,,
The Lost Woods,The Lost Woods,,6,Casual,Standard,,,,
The Lost World Journey,The Lost World Journey,,4,Casual,Standard,,,,
The Magic Cooking Pot,The Magic Cooking Pot,,32,Casual,Standard,,,,
The Mario World,The Mario World,,6,Newcomer,Standard,,,,
The Mario's Greatest Adventure,The Mario's Greatest Adventure,,25,Intermediate,Standard,,,,
The Mirror Border,The Mirror Border,,0,Casual,Standard,,,,
The Misfortunes of Little Denise,The Misfortunes of Little Denise,,44,Casual,Standard,,,,
The Missing Eggs,The Missing Eggs,,11,Casual,Standard,,,,
The Missing Plot,The Missing Plot,,13,Casual,Standard,,,,
The Most Pointless Hack Ever,The Most Pointless Hack Ever,,2,Newcomer,Standard,,,,
The Mountain Adventure,The Mountain Adventure,,5,Newcomer,Standard,,,,
The Muncher Run,The Muncher Run,,1,Casual,Standard,,,,
The Muncher Run 2,The Muncher Run 2,,4,Expert,Kaizo,,,,
The Mushroom Factor,The Mushroom Factor,,12,Casual,Standard,,,,
The Mushroom Manifold,The Mushroom Manifold,,11,Master,Kaizo,,,,
The New Comfort Zone,The New Comfort Zone,,19,Expert,Kaizo,,,,
The New Mario World,The New Mario World,,96,Master,Standard,,,,
The Ninji Saga,The Ninji Saga,,9,Intermediate,Standard,,,,
The Old Mansion,The Old Mansion,,1,Intermediate,Standard,,,,
The Path from Prisminia,The Path from Prisminia,,15,Intermediate,Standard,,,,
The Pit Level 2,The Pit Level 2,,1,Master,"Tool-Assisted, Pit",,,,
The Pit Level 2 REMASTERED,The Pit Level 2 REMASTERED,,1,Master,"Tool-Assisted, Pit",,,,
The Plumber Saga,The Plumber Saga,,17,Newcomer,Standard,,,,
The Possibility Of An Island,The Possibility Of An Island,,5,Grandmaster,Kaizo,,,,
The Power Beneath,The Power Beneath,,22,Expert,Kaizo,,,,
The Precise Is Right,The Precise Is Right,,8,Expert,Kaizo,,,,
The Princess Was Kidnapped Again DEMO,The Princess Was Kidnapped Again DEMO,,24,Casual,Standard,,,,
The Prodigy's Last Stand,The Prodigy's Last Stand,,7,Casual,Standard,,,,
The Quest for the Candies,The Quest for the Candies,,34,Intermediate,Standard,,,,
The Quiet Island Quest Starring Mario,The Quiet Island Quest Starring Mario,,62,Casual,Standard,,,,
The Reapers Shells,The Reapers Shells,,15,Master,Kaizo,,,,
The Reapers Shells 2,The Reapers Shells 2,,10,Master,Kaizo,,,,
The Rebuilding of the Star Palace,The Rebuilding of the Star Palace,,13,Casual,Standard,,,,
The Reconciliation of Ascension,The Reconciliation of Ascension,,22,Expert,Kaizo,,,,
The Repetitive Adventure of a Distended Plumber,The Repetitive Adventure of a Distended Plumber,,7,Newcomer,Standard,,,,
The Return to Super Mario World,The Return to Super Mario World,,96,Intermediate,Standard,,,,
The Rituals Of Resurrection,The Rituals Of Resurrection,,14,Casual,Standard,,,,
The Rock 'n' Roll Mario Show: Set 1,The Rock 'n' Roll Mario Show: Set 1,,15,Expert,Kaizo,,,,
The Rock 'n' Roll Mario Show: Set Two,The Rock 'n' Roll Mario Show: Set Two,,20,Master,Kaizo,,,,
The Ruin,The Ruin,,1,Casual,Standard,,,,
The Saga - Kame,The Saga - Kame,,7,Intermediate,Standard,,,,
The Sapphire,The Sapphire,,12,Expert,Kaizo,,,,
The Search for Salmon,The Search for Salmon,,11,Master,Kaizo,,,,
The Second Reality Project,The Second Reality Project,,96,Expert,Standard,,,,
The Second Reality Project 2 Reloaded: Zycloboo's Challenge,The Second Reality Project 2 Reloaded: Zycloboo's Challenge,,112,Advanced,Standard,,,,
The Second Reality Project 2: Zycloboo's Challenge,The Second Reality Project 2: Zycloboo's Challenge,,109,Advanced,Standard,,,,
The Second Reality Project Reloaded,The Second Reality Project Reloaded,,117,Advanced,Standard,,,,
The Secret Islands,The Secret Islands,,10,Casual,Standard,,,,
The Secret of the Switches,The Secret of the Switches,,11,Newcomer,Standard,,,,
The Senate,The Senate,,85,Intermediate,Standard,,,,
The Seven Hurdles,The Seven Hurdles,,7,Newcomer,Standard,,,,
The Seven Hurdles 2,The Seven Hurdles 2,,10,Casual,Standard,,,,
The Seven Star Pieces,The Seven Star Pieces,,10,Newcomer,Standard,,,,
The Sixty-four Trials,The Sixty-four Trials,,18,Newcomer,Standard,,,,
The Stinky Black Banana Peel,The Stinky Black Banana Peel,,8,Advanced,Kaizo,,,,
The Stolen Yoshi Coins,The Stolen Yoshi Coins,,4,Newcomer,Standard,,,,
The Sweet Sweet Love,The Sweet Sweet Love,,16,Intermediate,Kaizo,,,,
The Sweet Sweet Love Forever,The Sweet Sweet Love Forever,,12,Intermediate,Kaizo,,,,
The Sweet Sweet Love Returns,The Sweet Sweet Love Returns,,13,Advanced,Kaizo,,,,
The Swift Skooter Parallelogram,The Swift Skooter Parallelogram,,1,Expert,Kaizo,,,,
The Tale of Elementia,The Tale of Elementia,,38,Newcomer,Standard,,,,
The Team Shell Hack,The Team Shell Hack,,38,Master,Kaizo,,,,
The Temple of Dinosaurs,The Temple of Dinosaurs,,5,Casual,Standard,,,,
The Thousand Year Castle: A Sholmes Adventure,The Thousand Year Castle: A Sholmes Adventure,,12,Master,Kaizo,,,,
The Title is Irrelevant,The Title is Irrelevant,,47,Casual,Standard,,,,
The Tower Tyrant,The Tower Tyrant,,6,Casual,Standard,,,,
The Treasure Hunt,The Treasure Hunt,,39,Intermediate,Standard,,,,
The unbearable lightness of being,The unbearable lightness of being,,7,Expert,Kaizo,,,,
The Underground,The Underground,,11,Expert,Kaizo,,,,
The United States of Mario,The United States of Mario,,26,Expert,Kaizo,,,,
The Unknown,The Unknown,,42,Advanced,Kaizo,,,,
The Unworld,The Unworld,,92,Casual,Standard,,,,
The Unworld: Recharged,The Unworld: Recharged,,93,Casual,Standard,,,,
The Vanilla,The Vanilla,,8,Newcomer,Standard,,,,
The Wahn Stew Race,The Wahn Stew Race,,6,Advanced,Kaizo,,,,
The Way,The Way,,15,Expert,Kaizo,,,,
The Way of The M,The Way of The M,,80,Advanced,Standard,,,,
The Winter Island,The Winter Island,,3,Casual,Standard,,,,
The Worlds Longest Shelljump,The Worlds Longest Shelljump,,1,Grandmaster,"Tool-Assisted, Pit",,,,
The Yoshi Egg: A Mission in Miniature,The Yoshi Egg: A Mission in Miniature,,5,Newcomer,Standard,,,,
The Yoshi Trilogy: Part 1 - Dawn of the Darkness,The Yoshi Trilogy: Part 1 - Dawn of the Darkness,,43,Intermediate,Standard,,,,
TheIslands,TheIslands,,13,Expert,Kaizo,,,,
theplumber'sodyssey,theplumber'sodyssey,,13,Intermediate,Standard,,,,
therapy!,therapy!,,10,Master,Kaizo,,,,
Things.smc,Things.smc,,80,Expert,Kaizo,,,,
Think Fast,Think Fast,,14,Intermediate,Kaizo,,,,
Third Whistle,Third Whistle,,15,Advanced,Kaizo,,,,
This Hack Contains EVERY Switch Palace Switch,This Hack Contains EVERY Switch Palace Switch,,56,Newcomer,Standard,,,,
This Hack Needs a Name,This Hack Needs a Name,,118,Intermediate,Standard,,,,
This Hack Was Made in 2 Hours,This Hack Was Made in 2 Hours,,7,Intermediate,Standard,,,,
This is a Good Hack to Play if You Just Started Playing Kaizo... World,This is a Good Hack to Play if You Just Started Playing Kaizo... World,,26,Advanced,Kaizo,,,,
This Is Why We Kaizo,This Is Why We Kaizo,,9,Casual,Kaizo,,,,
Those Darn Plumbers,Those Darn Plumbers,,21,Newcomer,Standard,,,,
Thread the Needle,Thread the Needle,,1,Master,Kaizo,,,,
THROWING HANDS,THROWING HANDS,,12,Intermediate,Standard,,,,
Thunderstruck Mario,Thunderstruck Mario,,22,Casual,Standard,,,,
TILIA,TILIA,,17,Advanced,Kaizo,,,,
Time Out!,Time Out!,,11,Casual,Standard,,,,
TIME UP!,TIME UP!,,12,Advanced,Standard,,,,
Timeline Death Challenge,Timeline Death Challenge,,4,Advanced,Kaizo,,,,
Timeline World,Timeline World,,9,Master,Kaizo,,,,
Tiny Variety World,Tiny Variety World,,4,Intermediate,Standard,,,,
Tired Mario World,Tired Mario World,,10,Master,Kaizo,,,,
Titan Mario,Titan Mario,,11,Master,Kaizo,,,,
Titan Mario 2,Titan Mario 2,,14,Master,Kaizo,,,,
Tithered Mario,Tithered Mario,,13,Master,"Standard, Kaizo",,,,
Title,Title,,12,Casual,Standard,,,,
TmD,TmD,,6,Intermediate,Kaizo,,,,
TMFC3EYHEP&K - Q2BDB,TMFC3EYHEP&K - Q2BDB,,5,Newcomer,Standard,,,,
To Shell And Back!,To Shell And Back!,,11,Master,Kaizo,,,,
Toad Kaizo World,Toad Kaizo World,,22,Advanced,Kaizo,,,,
Toad Kaizo World 2,Toad Kaizo World 2,,17,Advanced,Kaizo,,,,
Toadette's Adventure,Toadette's Adventure,,9,Newcomer,Standard,,,,
Toadette's Kaizo Tuesday,Toadette's Kaizo Tuesday,,27,Master,Kaizo,,,,
Toad's cherry tracker,Toad's cherry tracker,,18,Intermediate,Standard,,,,
Toad's World,Toad's World,,56,Advanced,Standard,,,,
Toad's World 2,Toad's World 2,,65,Intermediate,Standard,,,,
Toadventure,Toadventure,,10,Advanced,Kaizo,,,,
"Tomorrow, Together","Tomorrow, Together",,9,Master,Kaizo,,,,
Toothpaste World,Toothpaste World,,20,Advanced,Standard,,,,
Torkiyello,Torkiyello,,8,Expert,Kaizo,,,,
torkiyello extra pack,torkiyello extra pack,,5,Expert,Kaizo,,,,
torkiyello iki,torkiyello iki,,7,Expert,Kaizo,,,,
Tortured Souls,Tortured Souls,,33,Expert,Kaizo,,,,
Tortured Souls 3 DEMO,Tortured Souls 3 DEMO,,23,Master,Kaizo,,,,
Tortured Souls II: Rapture,Tortured Souls II: Rapture,,44,Expert,Kaizo,,,,
Total Jotary World,Total Jotary World,,26,Intermediate,Standard,,,,
Total Mario World,Total Mario World,,23,Casual,Standard,,,,
Totally Vanilla,Totally Vanilla,,9,Intermediate,Standard,,,,
Totemo Tanoshii World,Totemo Tanoshii World,,19,Master,Kaizo,,,,
Touhou Mario: Imperishable Night,Touhou Mario: Imperishable Night,,18,Intermediate,Standard,,,,
Tower of Facades,Tower of Facades,,1,Expert,Puzzle,,,,
Tower Of Glory,Tower Of Glory,,1,Advanced,Kaizo,,,,
Tower Of Glory 2,Tower Of Glory 2,,0,Advanced,Kaizo,,,,
Tower Of Keys,Tower Of Keys,,1,Expert,Kaizo,,,,
Tower Of Nopecr,Tower Of Nopecr,,1,Expert,Kaizo,,,,
Tower of Shells 2: True Insanity,Tower of Shells 2: True Insanity,,2,Master,Kaizo,,,,
Tower of Shells DELUXE,Tower of Shells DELUXE,,1,Expert,Kaizo,,,,
Trans Liberation Forever,Trans Liberation Forever,,5,Grandmaster,Kaizo,,,,
Transatlantic Flights,Transatlantic Flights,,9,Master,Kaizo,,,,
Transmission Chain Experiment,Transmission Chain Experiment,,6,Expert,"Standard, Kaizo",,,,
Transylvania Fable- Legacy of Archaic Arcanum,Transylvania Fable- Legacy of Archaic Arcanum,,20,Intermediate,Standard,,,,
trashdumb,trashdumb,,29,Advanced,Standard,,,,
TRAWASBNONASYACTNISGAS,TRAWASBNONASYACTNISGAS,,5,Casual,Standard,,,,
Tribute,Tribute,,16,Intermediate,Kaizo,,,,
Tricky Mario,Tricky Mario,,8,Expert,Kaizo,,,,
Tricky Mario 2,Tricky Mario 2,,7,Master,Kaizo,,,,
Trinity Shells,Trinity Shells,,14,Expert,Kaizo,,,,
Trouble at Snow Land,Trouble at Snow Land,,10,Intermediate,Standard,,,,
Trouble in Truffle Islands,Trouble in Truffle Islands,,17,Casual,Standard,,,,
Truc Bidule,Truc Bidule,,43,Advanced,Standard,,,,
TSG's Obligatory Ice Level,TSG's Obligatory Ice Level,,1,Casual,Standard,,,,
Tsunami Island,Tsunami Island,,9,Casual,Standard,,,,
Twisted Plains,Twisted Plains,,1,Master,Kaizo,,,,
U N O R I G I N A L (C3 2020 Demo),U N O R I G I N A L (C3 2020 Demo),,4,Casual,Standard,,,,
"Ukraine, Detroit","Ukraine, Detroit",,11,Advanced,Kaizo,,,,
Ultima Kiwi Winter Demo,Ultima Kiwi Winter Demo,,31,Casual,Standard,,,,
Ultimate Carl Heaven,Ultimate Carl Heaven,,12,Advanced,Kaizo,,,,
Ultimate Kaizo Tutorial Hack,Ultimate Kaizo Tutorial Hack,,34,Master,Kaizo,,,,
Ultimate Mario World,Ultimate Mario World,,4,Casual,Standard,,,,
Ultra Kaizo World,Ultra Kaizo World,,25,Master,Kaizo,,,,
Ultra Kaizo World 2,Ultra Kaizo World 2,,20,Master,Kaizo,,,,
Ultra Luigi World: Luigi in... Destiny,Ultra Luigi World: Luigi in... Destiny,,2,Casual,Standard,,,,
Ultraviolet,Ultraviolet,,11,Master,Kaizo,,,,
Uma Aventura Xalabaias,Uma Aventura Xalabaias,,38,Intermediate,Standard,,,,
Uncharted World,Uncharted World,,63,Advanced,"Standard, Kaizo",,,,
Under Control,Under Control,,11,Grandmaster,Kaizo,,,,
Under the Rose,Under the Rose,,8,Newcomer,Standard,,,,
Underworld,Underworld,,2,Casual,Standard,,,,
Unforgiving Tower,Unforgiving Tower,,39,Master,"Standard, Kaizo",,,,
Unforgiving Tower 2,Unforgiving Tower 2,,27,Intermediate,Standard,,,,
Unforgiving Tower 3,Unforgiving Tower 3,,25,Intermediate,Standard,,,,
Unforgiving Tower 4,Unforgiving Tower 4,,37,Advanced,Standard,,,,
Unfriendly Afterlives Demo,Unfriendly Afterlives Demo,,1,Expert,Kaizo,,,,
Unintended Behavior,Unintended Behavior,,11,Expert,Kaizo,,,,
Unintended Behavior 2,Unintended Behavior 2,,10,Expert,Kaizo,,,,
Unintended Behavior 3,Unintended Behavior 3,,9,Expert,Kaizo,,,,
Unknown Islandz,Unknown Islandz,,31,Expert,Standard,,,,
Unlit Candles,Unlit Candles,,6,Master,Kaizo,,,,
Unnamed 2D Mario Game,Unnamed 2D Mario Game,,12,Intermediate,Standard,,,,
Unnamed Pit,Unnamed Pit,,1,Master,"Tool-Assisted, Pit",,,,
Unnamed Precision,Unnamed Precision,,2,Advanced,Kaizo,,,,
Unnormal,Unnormal,,10,Grandmaster,Kaizo,,,,
Untamed,Untamed,,15,Advanced,Kaizo,,,,
UNTITLED DOOM,UNTITLED DOOM,,6,Expert,Kaizo,,,,
Untitled Hack,Untitled Hack,,8,Expert,Kaizo,,,,
Untitled ROM Hack,Untitled ROM Hack,,5,Advanced,Kaizo,,,,
UP ᵀʰᵉ ᴿᵒᵐʰᵃᶜᵏ,UP ᵀʰᵉ ᴿᵒᵐʰᵃᶜᵏ,,8,Expert,Kaizo,,,,
Vah Knee Yah,Vah Knee Yah,,8,Expert,Kaizo,,,,
Valuable and Beautiful,Valuable and Beautiful,,11,Master,Kaizo,,,,
Vampire Hunter Savior Of The Kingdom,Vampire Hunter Savior Of The Kingdom,,39,Intermediate,Standard,,,,
Vanilla Failure: Blind Devil's Final Stand,Vanilla Failure: Blind Devil's Final Stand,,7,Newcomer,Standard,,,,
Vanilla Flavour,Vanilla Flavour,,74,Intermediate,Standard,,,,
Vanilla Hour - a collection of one-hour levels,Vanilla Hour - a collection of one-hour levels,,12,Advanced,Standard,,,,
Vanilla Kaizo World,Vanilla Kaizo World,,27,Expert,Kaizo,,,,
Vanilla Mario World,Vanilla Mario World,,17,Casual,Standard,,,,
Vanilla Shakedown,Vanilla Shakedown,,31,Expert,Kaizo,,,,
Vanilla Twist!,Vanilla Twist!,,23,Casual,Standard,,,,
Vanilla: Made to Order,Vanilla: Made to Order,,14,Casual,Standard,,,,
VanillaCraft,VanillaCraft,,9,Master,Kaizo,,,,
Varndts Castle,Varndts Castle,,7,Newcomer,Standard,,,,
Vast Minutiae,Vast Minutiae,,8,Grandmaster,Kaizo,,,,
Vengeful Mario,Vengeful Mario,,72,Master,"Standard, Kaizo",,,,
Venture,Venture,,10,Expert,Kaizo,,,,
Very Fun World,Very Fun World,,6,Casual,Standard,,,,
Very Hard Mario,Very Hard Mario,,13,Master,Kaizo,,,,
Vincere,Vincere,,14,Expert,Kaizo,,,,
VIP and Wall Mix 1,VIP and Wall Mix 1,,78,Expert,Standard,,,,
VIP and Wall Mix 1: Mario Edition,VIP and Wall Mix 1: Mario Edition,,78,Expert,Standard,,,,
VIP and Wall Mix 2,VIP and Wall Mix 2,,103,Expert,Standard,,,,
VIP and Wall Mix 2: Mario Edition,VIP and Wall Mix 2: Mario Edition,,103,Expert,Standard,,,,
VIP and Wall Mix 3,VIP and Wall Mix 3,,100,Advanced,Standard,,,,
VIP and Wall Mix 3: Mario Edition,VIP and Wall Mix 3: Mario Edition,,99,Advanced,Standard,,,,
VIP and Wall Mix 4,VIP and Wall Mix 4,,115,Advanced,Standard,,,,
VIP and Wall Mix 4: Mario Edition,VIP and Wall Mix 4: Mario Edition,,115,Advanced,Standard,,,,
VOQBON.smc,VOQBON.smc,,13,Master,Kaizo,,,,
Voyager,Voyager,,24,Expert,Kaizo,,,,
VP,VP,,22,Expert,"Kaizo, Puzzle",,,,
Vuit Grups,Vuit Grups,,8,Expert,Kaizo,,,,
Wake Up Call,Wake Up Call,,28,Advanced,"Standard, Kaizo",,,,
Wake Up Call Re-Mix,Wake Up Call Re-Mix,,15,Advanced,"Standard, Kaizo",,,,
Walkabout,Walkabout,,33,Casual,Standard,,,,
Wall Mario 1,Wall Mario 1,,10,Casual,Standard,,,,
Waluigi's Quest to Become Known,Waluigi's Quest to Become Known,,16,Casual,Standard,,,,
Waluigi's Road to Glory 2 - Azathomura,Waluigi's Road to Glory 2 - Azathomura,,104,Intermediate,Standard,,,,
Waluigi's road to glory: Horlogic will go on,Waluigi's road to glory: Horlogic will go on,,112,Intermediate,Standard,,,,
Waluigi's Wadventure,Waluigi's Wadventure,,11,Casual,Standard,,,,
Wario Land 5,Wario Land 5,,6,Casual,Standard,,,,
Wario Land 6,Wario Land 6,,5,Newcomer,Standard,,,,
Wario World: Between The Dimensions,Wario World: Between The Dimensions,,7,Newcomer,Standard,,,,
Wario's Adventure,Wario's Adventure,,77,Expert,Standard,,,,
Wario's Return,Wario's Return,,7,Casual,Standard,,,,
Warios Wonderful Walk,Warios Wonderful Walk,,10,Advanced,Kaizo,,,,
Watch Mario,Watch Mario,,77,Casual,Standard,,,,
Watermelon World,Watermelon World,,21,Intermediate,Kaizo,,,,
Waterworld,Waterworld,,14,Master,Kaizo,,,,
Way of the Tempest,Way of the Tempest,,5,Master,Kaizo,,,,
We all end up here,We all end up here,,21,Grandmaster,Kaizo,,,,
We Like It Here,We Like It Here,,43,Expert,Kaizo,,,,
We Must Go Steeper,We Must Go Steeper,,6,Expert,Kaizo,,,,
Weather Report,Weather Report,,6,Master,Kaizo,,,,
Weekend,Weekend,,6,Expert,Kaizo,,,,
Weekend at Luigi's,Weekend at Luigi's,,26,Expert,Kaizo,,,,
Wendy's Ten Fights,Wendy's Ten Fights,,10,Intermediate,Standard,,,,
What did Mario do?,What did Mario do?,,69,Intermediate,"Standard, Kaizo",,,,
What The Heck 2,What The Heck 2,,9,Intermediate,Standard,,,,
What The Shell!,What The Shell!,,15,Expert,Kaizo,,,,
What the... Hack?,What the... Hack?,,8,Casual,Standard,,,,
What's Thanksgiving Without Turkey?,What's Thanksgiving Without Turkey?,,2,Newcomer,Standard,,,,
What's The Name of This Hack?,What's The Name of This Hack?,,1,Intermediate,"Standard, Kaizo",,,,
Where the universe breaks,Where the universe breaks,,6,Grandmaster,Kaizo,,,,
White Men Can´t Toss,White Men Can´t Toss,,9,Grandmaster,Kaizo,,,,
Why Do Coins Float?,Why Do Coins Float?,,12,Master,Kaizo,,,,
Windows Mario World,Windows Mario World,,13,Casual,Standard,,,,
Winter Season,Winter Season,,11,Intermediate,Standard,,,,
Winter Season 2,Winter Season 2,,6,Advanced,Standard,,,,
Woji World,Woji World,,20,Advanced,Kaizo,,,,
Wonders of Kaizo!,Wonders of Kaizo!,,18,Expert,"Kaizo, Tool-Assisted",,,,
World Of Illusion,World Of Illusion,,34,Advanced,Standard,,,,
World of Jumps,World of Jumps,,29,Expert,Kaizo,,,,
World of Shells,World of Shells,,11,Master,Kaizo,,,,
World's Hardest Hack,World's Hardest Hack,,0,Advanced,Kaizo,,,,
Worl's World,Worl's World,,10,Expert,Kaizo,,,,
Worl's World 2: The Rebellion,Worl's World 2: The Rebellion,,24,Advanced,Kaizo,,,,
worm,worm,,4,Intermediate,Kaizo,,,,
Wrath of Bowser,Wrath of Bowser,,10,Master,Kaizo,,,,
Wrecking Crew '98,Wrecking Crew '98,,18,Intermediate,Standard,,,,
X-Drive,X-Drive,,67,Advanced,Standard,,,,
Xka Shack,Xka Shack,,4,Casual,Standard,,,,
Xulaph Kaizo World,Xulaph Kaizo World,,14,Expert,Kaizo,,,,
Yahoo!!,Yahoo!!,,2,Advanced,"Standard, Kaizo",,,,
Yank 2,Yank 2,,12,Advanced,Kaizo,,,,
Yet Another SMW Hack,Yet Another SMW Hack,,33,Intermediate,Standard,,,,
Yet Another Super Mario Adventure,Yet Another Super Mario Adventure,,10,Intermediate,Standard,,,,
YF10CBTTHNTDWTL,YF10CBTTHNTDWTL,,1,Intermediate,Standard,,,,
Yikes Kaizo World,Yikes Kaizo World,,15,Expert,Kaizo,,,,
YNT MARIO,YNT MARIO,,113,Expert,Standard,,,,
Yo mama is fat,Yo mama is fat,,11,Intermediate,Standard,,,,
YoHo,YoHo,,4,Master,Kaizo,,,,
YoHo Adventure,YoHo Adventure,,7,Casual,Standard,,,,
Yoshi Is Missing!,Yoshi Is Missing!,,14,Newcomer,Standard,,,,
Yoshi Saves Summer Vacation,Yoshi Saves Summer Vacation,,11,Casual,Standard,,,,
Yoshi Surfer 5000,Yoshi Surfer 5000,,5,Expert,Kaizo,,,,
Yoshi: Super Dinosaur,Yoshi: Super Dinosaur,,5,Intermediate,Standard,,,,
Yoshiro,Yoshiro,,30,Casual,Standard,,,,
Yoshi's Crack House,Yoshi's Crack House,,12,Advanced,Standard,,,,
Yoshi's Emergency,Yoshi's Emergency,,21,Newcomer,Standard,,,,
Yoshi's rescue run,Yoshi's rescue run,,13,Advanced,Kaizo,,,,
Yoshi's Revenge,Yoshi's Revenge,,46,Master,Kaizo,,,,
Yoshi's Strange Quest,Yoshi's Strange Quest,,100,Master,Standard,,,,
You Are Just A Blue Switch,You Are Just A Blue Switch,,0,Intermediate,Standard,,,,
You Have No Life,You Have No Life,,5,Expert,Kaizo,,,,
You Shell Not Pass,You Shell Not Pass,,15,Expert,Kaizo,,,,
Yuki Mario,Yuki Mario,,5,Casual,Standard,,,,
YUMP,YUMP,,120,Expert,"Standard, Kaizo",,,,
YUMP 2,YUMP 2,,104,Expert,"Standard, Kaizo",,,,
Zap & Lena Adventures,Zap & Lena Adventures,,19,Intermediate,Standard,,,,
Zap Lena World,Zap Lena World,,13,Advanced,Kaizo,,,,
Zeldara's Glitch City v147,Zeldara's Glitch City v147,,64,Casual,Standard,,,,
🐭 So 2 Mice Walk Into a Bar... 🐭,🐭 So 2 Mice Walk Into a Bar... 🐭,,18,Intermediate,Standard,,,,
🐸🥣,🐸🥣,,13,Expert,Kaizo,,,,
